음식점,리뷰,지도
엄마마늘보쌈,엄마마늘보쌈은 석계역 보쌈집 터줏대감 입니다,kakao
엄마마늘보쌈,보쌈은 너무맛있어서 공간 협소한건 생각도 안남 김치맛이 복불복이긴해요,kakao
엄마마늘보쌈,맛나여 맛이란게 서로 약간씩 차이가 있으니까 노포분위기 좋아하시면,kakao
엄마마늘보쌈,기본으로 주는 전은 맛있었다 보쌈도 나쁘지 않았다 근데 굳이 갈까,kakao
엄마마늘보쌈,보쌈은 맛있는데 이집 아들이 양아치임,kakao
엄마마늘보쌈,보쌈정식 먹었는데 돼지잡내없이 맛있고 밑반찬도 먹을만해요 마늘보쌈도 맛있어요,kakao
엄마마늘보쌈,마늘보쌈,kakao
엄마마늘보쌈,보쌈은 진짜 맛있는더 인정하는데 김치가 그 점수를 다 깎아버려요 ㅜㅜ,kakao
엄마마늘보쌈,구성도 너무 좋고 양도 많아요 특히 전이 엄청 맛있었습니다,kakao
엄마마늘보쌈,고기자체가 야들야들하고 맛난건아니고 마늘소스로먹는곳 쏘쏘,kakao
엄마마늘보쌈,굴보쌈 중 포장도 구성이 괜찮음,kakao
엄마마늘보쌈,존맛집,kakao
엄마마늘보쌈,마늘보쌈도 밥도 좋아요 쭈꾸미도 정식이 있는데 넘 맛난 곳입니다 가게가 좀 좁고 작은게 흠이라면 흠이지만 입맛은 노포집 인정임 주인분들 인심이며 친절은 기본,kakao
엄마마늘보쌈,솔직히 가성비좋고 동네맛집 맛있는데 포장전화하고가니까 재료떨어졌다고 준비안했다함 뭔 경우인지,kakao
엄마마늘보쌈, 추천 이것이 진짜 마늘보쌈 최고의 가성비  비추천 다락방 자리의 불편함과 열악한 화장실  메뉴 마늘보쌈대,kakao
엄마마늘보쌈,그냥 맛있음 손님은 많고 나이 드신 할머니 혼자서 홀서빙하다보니 서비스 자체가 좋은 편은 아님 근데 식당은 그저 맛있는 음식이 나오면 다인 나한테 그렇게 불편하지 않았음 다음에 또 올 것 같음 고기도 야들야들하고 부드러웠음 마늘보쌈이라 달줄 알았는데 전혀 안달고 고기와 잘어울려서 좋았음,kakao
엄마마늘보쌈,이모님 ㅠㅠ 오래오래 해주세요 ㅠㅠ  제가 맨날 가서 거덜내드릴게요 ㅠㅠㅠ  반찬도 너무 많구 ㅎㅎ 술이 아주 술술 보쌈 ㄹㅇ 존맛탱구리 마늘 소스는 뿌리지 않고 따로 받는 걸 추천   이모님 ㅠㅠ 2층 올라갔다 내려갔다 넘 힘드실듯,kakao
엄마마늘보쌈,보쌈도 맛있고 김치도 역대급인 맛집  한번도 안먹은 사람은 있어도 한번만 먹는 사람은 없을꺼에요,kakao
엄마마늘보쌈,옛날부터 먹었었는데 맛있어요,kakao
엄마마늘보쌈,보쌈도 그렇고 밑반찬들도 맛있었어요 백반집도 해줬으면 좋겠네요ㅎㅎ,kakao
엄마마늘보쌈,보쌈 정식 먹었는데요 너무 맛있어서 놀랐어요 보쌈이 어떻게 이렇게 다른지 반찬도 여러가지 잘 나와요,kakao
엄마마늘보쌈,배달 보쌈집 잘 안먹고 여기 갑니다 푸짐해요 매장이 살짝 좁은건 아쉬워요,kakao
엄마마늘보쌈,넘 맛있고 친절하신데 2층 다락방과 화장실이 정말 정말 불편해요ㅜㅜ,kakao
엄마마늘보쌈,맛집이라고하는데 잘 모르겠음 그냥 적당하게 맛있고 술먹기 분위기 좋은곳 매우 친절하십니다,kakao
엄마마늘보쌈,석계 넘버원 맛집 입니다  겨울철에 굴 추가해서 먹어보세요 맛짱임 재방문 의사 100프로 마늘보쌈 자주 먹으면 질림,kakao
엄마마늘보쌈,우연히 발견한 동네 찐 맛집이예요ㅎ 주기적으로 생각나는 마늘 보쌈,kakao
엄마마늘보쌈,오늘 점심 굴보쌈대47000원 이상한 냄새나고 맛없어요 평점이 높아 갔는데 일행들도 다시는 가지않겠다고 함,kakao
엄마마늘보쌈,잡내없이 깔끔하고 담백하고 부드러운 김치에 진심인 사장님,kakao
엄마마늘보쌈,마늘보쌈 진짜 맛있긴 한데 더 먹고싶은 마음에 양을 더 늘려주십사해서 별 4개 드립니다 ,kakao
엄마마늘보쌈,사장님도 친절하시고 반찬도 실하고 너무너무 맛납니다  ,kakao
엄마마늘보쌈,마늘보쌈 대체불가 원탑 존맛 인데 별 하나 뺀 이유는 양이 좀 적음ㅠ,kakao
엄마마늘보쌈,밑반찬들도 맛나고 마늘족발 달달하고 맛있음,kakao
엄마마늘보쌈,양도 양이지만 반찬 및 사이드로 주시는 전 순두부찌개 여름에는 묵사발로 주시는 센스 등 하나하나 빠지지 않고 맛있습니다  이쪽 동네 오시면 꼭 가야하는 집 이모님도 쿨하시고 재밌으십니다 ㅋㅋㅋ 마늘보쌈은 말해뭐해,kakao
엄마마늘보쌈,내가 먹어본 보쌈중 최악모친과의 회식이  화남 고기는 질겨 보쌈김치는 짜고 매워순두부도 감칠맛도 없고 맵기만,kakao
엄마마늘보쌈,다락신기했어요,kakao
엄마마늘보쌈,맛있어요 소문난맛집,kakao
엄마마늘보쌈,낮 메뉴와 저녁메뉴가 다른 동네 맛집,kakao
엄마마늘보쌈,맛있으나 간지 오래되서 다시 가볼예정,kakao
엄마마늘보쌈,been,kakao
무명칼국수,칼국수면발이 정말 좋았어요,kakao
무명칼국수,그냥 어디가도 먹을수 있는 평범한 맛  전혀 특별하지 않음,kakao
무명칼국수,해물칼국수 정말 괜찮음 닭칼은 그닥 만두는 부추맛이 강해서 그닥 서울 물가 대비 가성비 미쳤음 양도 많음,kakao
무명칼국수,맛있음,kakao
무명칼국수,해물칼국수 닭칼국수 둘다 맛있고 만두 꼭 시켜먹길 추천합니다,kakao
무명칼국수,인생 닭칼국수,kakao
무명칼국수,Strong point 1 쫄깃한 식감의 수타면 2 아삭하고 감칠맛 나는 겉절이 반찬으로만 사가고 싶음  Nice point 1 바쁜데도 친절하셨던 남자 사장님  Weak point 1 바지락에서 모래알이 좀 씹힘 해감이 더 잘 되었으면 좋겠음 2 개인적으로 국물이 조금 짰음  닭칼국수도 먹어봐야겠네요 석계에서 수타칼국수 먹고싶으면 여기로,kakao
무명칼국수,해물과 닭칼국수에서 결정장애였는데 해물칼국수 오랜만에 맛있게 잘 먹었네요 김치도 맛있고 국물시원하고 다음엔 닭칼국수 갑니다,kakao
무명칼국수,김치는 존맛탱이었고 칼국수는 조금 짜서 호불호 갈리긴하는데 전 맛있었음 특히 닭칼국수,kakao
무명칼국수,생각보다 너무 평범했어요ㅜㅜ만두도 칼국수도,kakao
무명칼국수,김치는 너무 달고 육수는 아무 특색이 없음,kakao
무명칼국수,진짜 개맛있다,kakao
무명칼국수,찐맛집 닭칼이랑 해물칼국수 둘다 면이랑 국물 미쳤어요 김치도 대존맛 만두도 진짜임 광운대 가면 무조건 가야되는 맛집 다 친절하시고 가격도 착하다ㅠㅠ,kakao
무명칼국수,윽 저 동신아파트 사는데 걸어서 4분 그냥 저냥 빨리 후루룩 먹고 나와야지 안그러면 그릇 뺐기듯 그냥 가져감이모 그러는거 아냐김치 맛 변했음 안 가,kakao
무명칼국수,맛있지만 짜다 기본간이 짠데 심지어 테이블에 소금이 있음 하다못해 콩국수라도 기본간을 줄여주시면 어떨지,kakao
무명칼국수,김치가 끝내줌,kakao
무명칼국수,우리가족이 모두 국수를 좋아하는 가족이라서 20여년 이용하고 있는데 최고의 칼국수 집입니다 가족이 외식을 이집에서 제일 많이 했답니다,kakao
무명칼국수,꽤 맛좋은 집 해물칼국수 추천 우선 칼국수면발이 아주 쫄깃해서 식감이 좋다 칼국수에 빠질수 없는 중요한 김치도 맛있고 해물칼국수에 황태도 과하지 않게 적당히 들어가서 비리지도 않고 향이 지나치지도 않다 우리동네에도 하나 있었으면 하는 음식점 망하지 않고 잘유지해주길 바라는 음식점,kakao
무명칼국수,뭐고,kakao
무명칼국수,맛있는 동네 칼국수집,kakao
무명칼국수,석계 맛집 해물도 닭고 JMT,kakao
무명칼국수,이런 집이 이 동네에 있다는건 축복임  맛 서비스 모두 최고,kakao
무명칼국수,닭 칼국수 괜찮았습니다,kakao
무명칼국수,해물칼국수 깔끔하고 맛있습니다 무엇보다 친절하셔서 기분 좋게 먹었어요,kakao
무명칼국수,무명칼국수진짜 칼국수중에 최고다,kakao
무명칼국수,맛있음,kakao
무명칼국수,자주 가는 칼국수 집이에요 ㅎ 맛있어요,kakao
무명칼국수,해물 칼국수좋아요 만두도맛나요 석계역 가면 자주들리는집 국물이좋아서,kakao
무명칼국수,맛있고 친절하세요,kakao
무명칼국수,짭니다,kakao
무명칼국수,솔직히 말하면 칼국수는 그냥 그저그런 맛인데 김치가 한몫함,kakao
무명칼국수,난 그냥 그랬는데 같이간 부모님이 맛있다 하심,kakao
무명칼국수,한국사람이라면 무명칼국수 드세요 해물칼국수,kakao
무명칼국수,칼국수 정말 맛있어요 겉절이도 끝내줘요 가족끼리 하는것 같던데 아주머니는 정말 친절한데 아드님들이 좀 불친절함,kakao
무명칼국수,가성비최강,kakao
무명칼국수,칼국수면 직접 만드시는거 같은데  진짜 쫄깃하고 국물도 시원함 겉절이가 신의 한수 2번 리필함 만두는 조미료맛 없이 집에서 만든 담백한 맛이라  호불호 갈릴듯 근처 방문하시면 추천,kakao
무명칼국수,맛있어요 겉절이도 맛남,kakao
무명칼국수,손칼국수라는거 말고는 맛의 특별함이 없는 집 만두맛도 평범하고  같이 간 지인에게 또 방문하겠냐 물어보니 재방문은 안하겠답니다,kakao
무명칼국수,침착맨 추천 맛집 ㅎㅎ 칼국수도 만두도 정말 직접 손으로 만든다는 느낌이 강한 요즘은 드문 제대로 된 음식점 칼국수 면발도 울퉁불퉁 하지만 넘 쫄깃하니 맛있고 만두도 진짜 왕만한데 소가 잘 되어 있어서 맛있었어요 자극적인 걸 좋아하는 초딩입맛인 제 입장에서 칼국수와 만두라는 삼삼한 메뉴로 4점이면 최고 칭찬인 겁니다 어른 분들은 환장하실 듯,kakao
무명칼국수,해물은 그닥 닭은 무난 김치가 겉절이가 아니라 아쉽,kakao
무명칼국수,맛있어요 결코 다시 닭칼국수  닭칼국수 닭칼국수,kakao
무명칼국수,해물칼국수 맛있음  기본인데 맛있음 김치 살짝 아쉬움  수타면이라 면이 균일하지 않아서 더 맛있음,kakao
무명칼국수,맛있고 비싸지도않고 일하시는분들이 다 친절하심 갈때마다 실망안하는곳,kakao
무명칼국수,진짜 인생맛집 칼국수입니다 면도 직접 만드시고 만두도 직접 만드시고 김치도 직접 만드시고 맛 또한 일품입니다 많이 덥고 바쁘고 힘드실텐데 일하시는 분들 모두 웃는 얼굴로 맞이해주시는 것도 너무 좋았습니다 ㅠㅠ  기다려서 먹어야하지만 꼭 가보시길 추천합니다,kakao
무명칼국수,국물 진짜 시원하고 맛있어요 ㅋㅋㅋ,kakao
무명칼국수,아 너무 맛있음 술 먹고 다음 날 먹으러 갑니다 양은 매우 많고 맛도 좋습니다 다만 사람들이 많다보니 대기가 생기는 편이고 음식이 나올 때까지 시간이 좀 걸려서 빨리 먹고 싶은데 기다리기 힘드네요,kakao
무명칼국수,칼국수 면도 직접 만드시는 것 같은데 면도 맛있고 국물도 맛있어요 특히 개인적으로 닭칼국수 너무 좋아하는데 양도 많고 맛있어서 대 만족 ㅠㅠ 저는 진짜 피크 시간대 완전 피해서 갔는데도 웨이팅은 없었지만 홀은 가득찼더라구요 만두도 넘넘 맛있었어요 ㅠ ㅠ ㅠ ㅠ 일단 김치도 맛있었어요 ,kakao
무명칼국수,검색하고 별 기대안하고 간 집인데 칼국수 맛집이네요 칼국수의 조미료맛이 거의 안나고 국물이 시원합니다 그리고 만두도 기대이상입니다 배부르게 먹고 속 더부룩함 없이 소화도 잘되었네요 맛집이라 그런지 점심시간에 가서 웨이팅이 조금있었지만 직원분들도 친절해서 더욱 좋았네요,kakao
무명칼국수,석계 맛집 특히 면과 겉절이가 맛있다 웨이팅이 좀 있지만  기다릴만 하다,kakao
무명칼국수,두 번 다시는 가고 싶지 않은 맛,kakao
무명칼국수,주변 검색해서 발견했는데 맛집인지 2팀 대기후 자리에 앉았음 직접 반죽해서 썰은 면발은 꼬들꼬들해서 맛있는 편 전 이보다 풀어진 면발을 좋아하는 편이라 해물 육수 심심하고 겉절이도 쏘쏘 합니다 만두도 직접 빚은 건데속도 다 들었는데 23 뭔가 부족합니다 전체적으로 전 그냥그냥 했네요,kakao
무명칼국수,닭칼국수간이 좀 세고 손은 느리시지만 김치가 넘 맛있고 칼수면발이 진짜 찰지고맛나서 한번씩 생각나서 가게됨  가격도 착한편,kakao
무명칼국수,여기 진짜 찐맛집인생 칼국수집 석계갈일 없는데 바지락칼국수 먹으러 가고싶을정도,kakao
무명칼국수,저는 별로였습니다 바지락 칼국수의 국물은 혼다시 맛이 강하고 닭칼국수의 맛은 스톡 맛이 강한게 좀 아쉬운 부분이에요 만두는 잘 싸여져 있는 만두가 아니라 소에 둘러놓은 느낌이라 판에서 땔때 분리가 되더라구요 가장 나은거는 밀가루 입니다 국수 면은 약간 두꺼운 감이 있지만 쫄깃하게 잘 만들고 잘 삶았습니다 만두피도 맛있었고요 하지만 다른 부분이 너무 아쉬워서 다음에는 안 갈듯 싶어요,kakao
무명칼국수,진짜 석계 맛집 친절하시고 깨끗하고 까다로운 입맛 엄마도 자주 가자고 하는 곳 친구들 동네에 놀러오면 여기로 ,kakao
무명칼국수,아이러브무명 양많고 존맛임 일단 침착맨 픽이라 오히려 좋아,kakao
무명칼국수,석계에 몇 없는 맛집,kakao
무명칼국수,국물이 시원해요 우리동네맛집,kakao
무명칼국수,칼국수 시원하니 맛있네요,kakao
무명칼국수,침착맨 추천받고 왔어요,kakao
무명칼국수,항상 맛있는곳  겉절이도 맛있고 최고입니다,kakao
무명칼국수,별주기도  아까운집 소주 후레시 시켰는데  처음처럼 줌 소주시키고 칼국수 나오기전 김치에 한잔 먼을려고 그랬더니 칼국수 나오기전까지  먹지 말라고함 꽝꽝꽝 술준비도 안되있고  미안함도 건성건성 다시는 안가야지 엄마 밑에 40대 젊은 남자인데  마인드 꽝 비싸고 맛있는집 가야겠다 ㅎ,kakao
무명칼국수,해물칼국수에 미더덕을 넣어 더욱 칼칼 시원 왕만두는 현재 기준 인생 왕만두로 등극,kakao
무명칼국수,칼국수해적단 승,kakao
무명칼국수,행애애애앵님 너무 맛있구만유,kakao
무명칼국수,Chim Chak Man Brings Me Here,kakao
무명칼국수,20년 전통의 칼국수 맛집 닭칼국수의 쫄깃한 수타면발은 훌륭하지만 국물이 너무 묽고 밋밋하다,kakao
무명칼국수,존맛탱 동네 주민인데 일주일에 한번은 가는듯,kakao
무명칼국수,맛과 가격 모두 괜찮은 집,kakao
무명칼국수,너무 맛있는데 가격까지 저렴해요 ,kakao
무명칼국수,직접뽑은면발 닭 바지락 모두 훌륭,kakao
무명칼국수,been,kakao
연어시장 석계본점,연어 시장의 존재를 알고부터 한 달에 한 번은 꼭 먹고 있습니다 연어랑 불초밥도 함께 다들 먹어주세요ㅜ 떡볶이도 맛집이에요,kakao
연어시장 석계본점,생각보다는 작은 점포지만 퇴근후 술한잔 편하게 마시기 좋은곳이다,kakao
연어시장 석계본점,연어 배터지게 먹고싶을때 항상 방문하는 집 사람은 엄청 많지만 그만한 이유가 있음,kakao
연어시장 석계본점,퀄리티가 많이 떨어집니다 특히 참치는 추천하지 않습니다,kakao
연어시장 석계본점,연어가 신선하네요,kakao
연어시장 석계본점,우연히 알게돼서 혼자 먹으러 갔는데 무한리필은 2명 이상부터 가능하다고 해서 그냥 돌아왔습니다 혹시나 해서 오기 전부터 인터넷으로 메뉴도 확인하고 메뉴 사진도 봤는데 그런 얘기는 적혀있지 않아서 왔는데 최소인원에 관한 것은 메뉴에도 기입해주시길 바랍니다 다른 식사 메뉴를 먹을 수도 있었지만 솔직히 무한리필이라고 해서 갔던 것인데 따로 공지되지도 않았던 최소인원 제한으로 먹지 못했던 것이 기분 좋지 않아  그냥 나왔습니다,kakao
연어시장 석계본점,연어 너무 맛있어요 그리고 직원분들이 친절해요,kakao
연어시장 석계본점,연어맛집 연어매운탕도 맛있고 기본전이랑 떡볶이도 좋아요ㅎㅎ,kakao
연어시장 석계본점,맛있어서 멀리서 여기까지 자주 갑니다ㅎㅎ,kakao
연어시장 석계본점,맛있고 친절하시더라구요 무한리필 시켜서 리필하더라도 회가 상태가 비슷한게 좋았어요,kakao
연어시장 석계본점,맛있고 친절하시고 좋아용 연어무한리필 라면,kakao
연어시장 석계본점,단 맛이 도는 그 기름기 머금은 연어가 무한 맛있는데 후반 갈 수록 이 느끼함을 달래줄 무언가를 찾게 됨 아쉬운 건 사이드 총합 가격이 조금 ㅠ,kakao
연어시장 석계본점,3월에 하루 무한리필 중단 하고 다음날부터 계속 무한리필 하고 있어요 여전히 매일 작업 합니다  단품 주문해도 떡볶이전샐러드 더 드리고 단품 500g도 생겼어요  8월21일 월부터ㅈ인스타블로그 이벤트 합니다초밥 4ps or 음료  무한리필 하냐는 문의가 많아 올립니다 항상 건강하시고 행복하세요,kakao
연어시장 석계본점,사이드 정말 맛있고 첫번째 연어는 신선하고 맛있었는데 리필 했을때는 좀 아쉬웠어요ㅠ,kakao
연어시장 석계본점,연어 신선하고 맛있어용,kakao
연어시장 석계본점,지금은 무한리필을 안하신다고 합니다 금요일마다 바뀌니 연락 해보고 가세요,kakao
연어시장 석계본점,맛나고 직원들도 친절해요 어디선가 식초냄새가 훅훅 심하게나는데 요것만 없음 더 완벽할 것 같아요,kakao
연어시장 석계본점,맛있어요 진짜 서비스도 좋구,kakao
연어시장 석계본점,몇년째 가는데 항상 맛있어요,kakao
연어시장 석계본점,수원 연어 무한리필도 가봤는데 여기가 차원이 다른 거였음 부위도 다 다르게줘서 먹는 맛이 있고 리필되는 것고 퀄 차이 많이 못 느낌,kakao
연어시장 석계본점,이미 단골이에요,kakao
연어시장 석계본점,리필할때마다 퀄리티 확확 떨어지는게 눈에 보이네요 사진처럼은 한두번 군자역 연어시장이 훨씬 괜찮습니다 웬만하면 그리가세요,kakao
연어시장 석계본점,약 2년 전 평일외출때 갔었는데 쫀마탱,kakao
연어시장 석계본점,첫판만좋지 그이후로 비리고 냄새나고 먹고나면 항상 설사하는집 ㅠㅠㅠ이젠안가요,kakao
연어시장 석계본점,서울에 이만한 연어 무한리필집 없다 심지어 가격도 다른집들보다 저렴함,kakao
연어시장 석계본점,백번은 갔을 듯 평 한번도 남겨보지 않아ㅆ믄데 여기는 제 인생맛집이라 남겨봐요ㅠㅠㅠㅠㅜㅜ 데려간 지인들도 결국 다 반해서 다들 각자 자주 가고 그냥 모든게 완벽해요 ㅠ 맛도 있고 가격도 괜찮고 친절하시고 제발 없어지지 말기를 기도 했는ㄷ 상봉점에 또 생겨서 넘 좋아요 사장님 번창하세요,kakao
연어시장 석계본점,신선하고 맛있어요,kakao
연어시장 석계본점,한달에 두번은 가줘야 함 연어 무한리필의 정석 그리고 무엇보다 떡볶이 맛집,kakao
연어시장 석계본점,신선하고 맛있다 최고,kakao
연어시장 석계본점,신선하고 맛있어요,kakao
연어시장 석계본점,연어 무한리필 온갖 곳 다 가봤지만 여기가 최고임 집앞이고 해서 여태 10번은 간듯  쓰다보니까 또가고싶네요 곧 갈게요,kakao
연어시장 석계본점,신선해요,kakao
연어시장 석계본점,항상가면 맛있게 먹고왔어요 같이 주는 떡볶이랑 김치전도 맛있움ㅋㅋㅋ 김도 부탁하면 주니까 같이먹음 굿,kakao
연어시장 석계본점,첫번째 접시 연어는 맛있었는데 두번째 접시 언어는 비린내가 심했어요 떡볶이 엄청 맛나요,kakao
연어시장 석계본점,집앞 존엄 맛집 연어 퀄리티 싱싱하고 매우 좋음 가격도 이정도면 가성비 갑이라고 생각 떡볶이랑 김치전도 무한리필인데 넘 좋음ㅠㅠ 최고 제발 없어지지 마라 사장님 번창하세요,kakao
연어시장 석계본점,두툼하게 썰은 싱싱한 연어회로 맛과 가성비 최고입니다,kakao
연어시장 석계본점,너무 만족해요 또 갈거예요 웨이팅 시간이 조금 있는 거 빼고요 ,kakao
연어시장 석계본점,최고여요 맛있는연어 배터지게 먹었어요,kakao
연어시장 석계본점,연어최고,kakao
연어시장 석계본점,아는 분 소개로 갔는데 연어 무한중 질 좋은 편에 속함 ㅇㅇ,kakao
연어시장 석계본점,몆 남지않은 연어무한리필집 질 좋음 추가한연어도 질이 굳굳,kakao
연어시장 석계본점,been,kakao
남해바다마차,회는 너무 좋은데 양이 아쉬어요,kakao
남해바다마차,세 명 이상이서 가는 거 추천해요,kakao
남해바다마차,생각했던 것 보다는  맛이 되게 있는지는 모르겠어요 숙성된 회처럼 보였는데 4인분 치고는 조금 적은 느낌도 있고 몇시간 웨이팅 해서 먹을 만큼인지는 잘은 모르겠어요,kakao
남해바다마차,맛있지만 너무너무너무 비싸다 양도 적어요,kakao
남해바다마차,맛은 좋은데 양이 너무 적습니다 사진에 나온 게 2인 7만원 대방어 메뉴입니다 그리고 회만 되고 매운탕 안 됩니다 같이 나오는 생굴은 맛이 아주 좋습니다 가성비 때문에 재방문은 좀 꺼려지네요,kakao
남해바다마차,방어를 먹기 위해 온라인웨이팅이 절실합니다 한시간 이상 씩 기다리기 힘들어요 포장 추천입니다대방어  그리고 위스키 콜키지 4만원은 넘 비싸요 ㅡㅡ,kakao
남해바다마차,친절하시고 맛있습니다 신선해요,kakao
남해바다마차,여태까지 방어를 5번 먹어봤지만 여기가 제일 맛있었음 웨이팅을 제외하고 훌륭,kakao
남해바다마차,너무 맛있다,kakao
남해바다마차,비싸도 꼭 가야하는 이유가 있는 곳 매년 겨울마다 꼭 갑니다,kakao
남해바다마차,방어 맛있어요,kakao
남해바다마차,음 뭔가 예전만 못한 것 같다,kakao
남해바다마차,방어 숙성회 맛이 적어도 서울에서는 최고다 양이 조금 아쉽지만,kakao
남해바다마차,방어 맛집 늦게가면 웨이팅길어요 성게는 꼭 추가하세요,kakao
남해바다마차,맛은 있음 금액대비 좀 부실함 메뉴도 너무 부실함 데코라도 좀 신경써줬으면 하는 생각이 들었음,kakao
남해바다마차,가게 깔끔하고 서버분들 젠틀친절 방어의 다양한 부위들을 깔끔하게 먹을수있으면서 제철 굴로 서브를 쳐주니 너무나 좋은 방어맛짐,kakao
남해바다마차,방어 2인세트인데 너무 맛있어요 갈치솟젓 마늘쫑도 진짜 별미,kakao
남해바다마차,대방어는 무조건 여깁니다 세트로 드세요 우니 새우 조합 대박입니다,kakao
남해바다마차,대방어숙성회가 정말 맛있습니다인분으로 주문받는곳가격은 여럿이 가면 부담될 수도 대방어회세트 2인분 주문대방어회 새우회 성게알 통영생굴 구성인데 둘이 먹기에 충분헀음뒤에 홍가리비찜과 홍합탕도 주셨고 먹는법도 자세히 설명  새우도 먹기좋게 손질해주고 친절해서 좋았습니다,kakao
남해바다마차,회 자체에 자신 있으신 거 알겠는데 가격에 비해 부실해요 흔한 탕 메뉴도 없고 공기밥도 없고 첨 봤어요 탕 없는 횟집은 가격은 비싼데 고급 횟집도 아니고 그렇다고 저렴한 횟집도 아닌 어중간한 횟집이네요,kakao
남해바다마차,너무너무너무 비싸요 이게 3인분입니다 그렇다고 추가반찬이 가득한것도 아니구요오이랑 미니탕근데 괜찮습니다한번가봤으니까 이제 안가려구용ㅎ,kakao
남해바다마차,비싸고 맛없음 방어 우니 독도새우 먹었습니다 우니는 풍미가 없었습니다 방어도 가격에 비해 숙성의 찰진맛 기름의 풍미가 매우 부족했습니다 독도새우는 사장님취향대로 묻지도않고 맘대로 매실 소스를 얹어주셨는데 제 취향에 맞지않아 버린느낌,kakao
남해바다마차,어제 존경하는 어른들과 저녁식사 자리를 마련했습니다 두시간정도 시간이 흘렀을까 두시간 되면 자리를 비켜줘야 한다고 직원이 얘기 하더라구요 그럼 빨리 일어날테니 회도 아직 다 못먹었고 소주한병만 더 먹고 가겠습니다 라고 했습니다 근데 잠시후 여사장님께서 오더니 가게 출입시 안내를 하고 벽에도 설명을 붙여뒀다라고 하면서 지금 당장 자리를 비켜줄것을 얘기하더군요 사실 가게 출입시 안내같은건 없었고 벽에 붙여있는 설명도 당일 횟감 단가 사이에 있어서 유심히 보지 않으면 모르게 적어뒀더군요 그보다 그걸 떠나서 가게 사정을 손님에게 강압적으로 하면 안되는것 아닐까요 기분이 상한 저희는 바로는 못일어나겠다고 했더니 저희 보는 앞에서 경찰을 부르네요 허허 참 경찰은 저희에게 아무말도 안하고 돌아가셨는데 정말 황당했습니다 별 한개도 아깝네요  음식은 괜찮았지만 손님이 돈으로밖에 안보이는분들같네요,kakao
남해바다마차,방어도 맛있지만 우니가 찐이네요,kakao
남해바다마차,30분 기다리라고하더니 40분넘게 기다리다가 찾으러갔더니 죄송하다는 말 한마디없이 한시간기다리라고 함 ㅡㅡ,kakao
남해바다마차,대방어와 우니 굿,kakao
남해바다마차,가격만 비싸고 먹을곳도 없고 포차보다 못한시설에 비추,kakao
남해바다마차,35년간 다녀 격어본 술집중 최악,kakao
남해바다마차,별하나 주기도 아까운곳돈주기 너무 아까운곳 친구랑 회가 먹고싶어  근처 찾다가 들어갔는데 이런데가 있나싶음 안그래도 비싼데 스키다시는 생양배추만 딸랑 둘이 먹는내내 짜증폭발 별로추천해주고싶지않은 식당,kakao
남해바다마차,대방어 미쳤어요진짜 방어가 제 입에서 파닥파닥 뛰어노네요 아랫분 말씀대로 가격은 좀 있어용 근데 그 값하는 퀄리티,kakao
남해바다마차,오로지 방어만 파는곳 허지만 방어도 그닥  가격은 창렬하고 가게는 불결하고 부요리는 쓰레기 수준 이런곳을 누가 좋다 했나 절대 가지말아야할곳,kakao
남해바다마차,퀄리티 좋지만 단가는 좀 있네요 사이드디쉬보다 회 자체의 질감을 우선한다면 좋은 선택지같습니다,kakao
남해바다마차,사장님이랑 사모님 넘 친절하세요 내부가 많이 작긴해요 ㅠ 일요일 오후 세시 오픈 확인하고 네시쯤 갔더니 안에 한 팀밖에 없었어요 모자라면 말씀주시라 하셔서 서비스 회도 얻어먹었습니다,kakao
남해바다마차,여러번 포장도하고 가서도 먹는 단골입니다ㅎㅎ 금액대는 비싼감이없지않아 있지만 서울에서 이정도 퀄리티의 선어회와 다양한 해산물들 먹기어렵습니다  실패없는 남바마 최고에요 지인아닙니다,kakao
남해바다마차,에전에 자주 들르던 곳이었는데  언제부턴가  가격대가 너무 쎄지지 않나  생각이 듭니다 일단 실내 포차인데  장소도 협소해서 옆사람과 다닥다닥 붙어 앉아 있는건 둘째치고 가격대가 마구 올라가네요곁들임 음식도 부실하고  생선구이 먹으러 갔다가 대방어를 시켜야 생선구이를 시킬수 있다는 말에  짜증 확나서   발길 끊은 사람중 한명입니다,kakao
남해바다마차,방어 맛있습니다 자리협소하고 백김치랑 초생강없어 아쉽습니다,kakao
남해바다마차,진짜 바다맛,kakao
남해바다마차,been,kakao
한상,장점  모든음식이 간이 슴슴한데도 맛있음 열무 진짜 부드럽고 맛있음 다비우고 나움 열무 원래손도 안되는사람인데 한입먹어보고 4번 리필함 전반적으로 고급스럽고 맛있음 진짜 가성비좋구 고급진맛  그럼에도 불구하고 별 2개인이유 나도 장사하는입장이고 가족중에서도 코스트높은 식당을하는 사람이있기에 어느정도 공감대가 있어 무례하지만 않다면 앞에서 대놓고 뭐라하지않는편  1사장님의 무례한 주문 석관동에 처음와봤고 오자마자 전망이 너무좋다고 엄마랑 신기해하고있었음 2분정도 뷰에대해 감탄했고 석관동에 이런 뷰가있네하면서 좋아햇음 사장님이 그런와중 메뉴 봐주세요라고 퉁명스럽게 말하심 5분도아니고 2분얘기했어요 더더욱칭찬이였고 그래서 뭘보라고요라고 얘기하니 멋쩍게 웃으며 주문하시라구요 친구들이랑 온것도아니고 엄마랑 온건데 기분이 진짜 나빴음  2사장님의 무례하고 몰지각한 서빙 그렇게 열심히 써치하고 간 집이 아니기에 큰 식탁에 식탁만한 상을 밀어서 얹는 구조라고 생각하지못함 알려주지도않음 그냥와서 물컵치워주세요라고 한뒤 그 큰상을 말도없이 상으로 밀어버림 소리도심했고 본인은 퍼포먼스라고 생각하는것같은데 그냥 짐승밥 밀어넣어주는느낌 가장 상에서 아주 가깝운 의자에 엄마 가방이 있었고 엄마가놀래서 가방을 붙잡음 2천만원짜리 가방임 가방가격이 중요한게아니라 태도를 지적하는것떨어지거나 했음 영수증보여주고 변상받음 그만이지만 눈이있으면 누가봐도 상바로옆에 가방이있는데 너무 놀랐음  사람가방이 가까운곳에 있거나 상을 그렇게 세게 개밥주듯이 밀어올릴꺼면 말을하고 올려야지 군대교관이 따로없음 진짜 무례함과 몰지각이 이루 말할수없음  3앞접시의 불청결 기분까지 조진상태에서 앞접시에 이물질이 너무심했음 딜리버리는 사장이했고 사과는 직원이와서함 자기 가게면 지가 체크해야했다생각함  사과하신직원분이 너무친절하셨고 사장님이 요리다하신거고 낯가리는 성격이셔서 좀그렇다 그래두 음식 다직접하시고 열무가 맛있는이유도 직접재배하신거라 맛난거라 말씀하심 직원분께사장님때문에 기분상했는데 덕분에 잘먹었다고 팁도드림 이분덕에 또 갈것 이분없으면 내 전재산걸고 여기망할듯 음식금액을 올리고 마음공부하세요   음식은 대장금뺨치게 잘하시는듯 진짜 맛있음  상견례 키워드는 빼야할곳이고 음식이 좋음 부엌에서 안나오시는게 어떨까싶음 본인직원에게도 말투가 무례하신걸보니 그냥 천성이 본인바께 모르는듯   맛있었고 또갈것이나 또 날자극한다면 똑같이 무례하게할예정 부디 절 기억해주세요 저처럼 무례한걸 싫어하시는 분은 비추천  전 음식맛은 대만족이라 싸워서라도 또 먹으러 가려구요 2만원 추가로 올려도 먹을의향있는맛,kakao
한상,별1개도 아까워요 가지마세요,kakao
한상,한상에서 돌잔치했어요 돌상차림도 한상에다 맡겼고요 준비해주신 돌떡도 넘 맛있었어요 케익과 돌잡이 추가물건 정도만 준비하시면 되세요 결과는 너무 만족스러웠습니다 룸 안도 널찍해서 손님들도 식사하기 좋았어요 유명 부페보다 훨씬 저렴하면서도 음식 맛있고 친절하시고 밑반찬 리필 가능해서 잘 치렀습니다 가족 돌잔치 고민하시는 분들은 망설이지 마세요 메뉴는 기본 한상차림에 테이블 당 갈비찜 한 접시 하시면 좋아요 기본차림에 떡갈비 포함돼 있어서 어린이 손님에게도 적합합니다  참 지하주차장이 잘 돼 있어서 더 좋습니다,kakao
한상,호불호가 갈리는 집이랄까  음식은 모두 수제라서 조미료가 안들어가다 보니 맛에대한 평가가 제각각 인듯    떡갈비육회 나물 이것저것 꼬치꼬치 물으니 설명해주셔서 식당 컨셉이 건강식이라는걸 이해했음   듣고 보니 더 맛있음,kakao
한상,음식이 정갈하고 종업원들도 친절해서 좋았습니다,kakao
한상,기대 많이 안하고 갔는데 비빔밥 항상 맛있어요 반찬으로 나오는 도라지 무침도 맛있구여  다만 식당이 너무 휑하고 그래서 ㅎㅎ 좀 쌀쌀하고 그래요 쾌적하고 좋습니다,kakao
한상,가격은 비싼데 나오는 반찬들이 가지수만 많고 그냥 백반집 반찬이랑 다를 바 없음 한정식 아니에요,kakao
한상,상호 그대로 푸짐한한상입니다 근데 1인식사도될까요,kakao
한상,6070대 여자분 사장님이신가요 밥먹으러가서 그분의 지겨운 인생이 내게 묻어온다,kakao
한상,여태까지 가본 곳들중 최악입니다  저런 구성과 맛 양심을 가지고 장사할 생각을 하는것도 신기하고 유지가 되는것도 신기함 여기 별점 한개도 아깝다는 말 절대 공감 여기 괜찮다고 별점주는건 진짜 주인이 작성한거임 절대 가지 마세요,kakao
한상,네이버에 기재된 번호로 전화해보시면 이곳은 장사하기싫어하는곳이 분명해요  그냥 사람을 싫어하는듯  전화응대를 이렇게 하는데 가서도 제대로 된 서비스를 받고올까 걱정이네요 ,kakao
한상,2점은 그렇고 4점짜리 식당은 됨,kakao
한상,맛있던데 이 정도면 평범하게 잘하지 않나 싶습니다 반찬 구성에 대해 말이 많던데 이 가격에 이 정도면 가성비 좋은 것 같아요 서울에 다른집들도 비슷한 것 같은데 뭐가 그렇게 맘에 안 들었는지도 모르겠고요 주변 식당들은 넘 시끌벅적하고 주차공간도 없고해서 저는 여기 자주 찾습니다,kakao
한상,제가 가 본 한정식 집 중에서 반찬 구성이 가장 허접했습니다,kakao
한상,가성비가 좋은편은 아니지만 이정도 평점을 줄 가게는 아닌듯 반찬 전반적으로 간 세지 않아서 속이 편안했고요  사찰음식이 테마인 것 같은데  테마에 맞는 적절한 맛입니다  고층 유리창이라 밖에 공사하긴 하지만 뷰는 트였고요 다만 한정식집 답지 않은 뻥 뚫린 식당같은 분위기와 이 가격에 종이컵은 개선 필요합니다   제가 갔을 때는 젊은 남자 직원분이 꼼꼼이 챙겨주시고 엄청 친절하셨습니다,kakao
한상,가격 대비 최악,kakao
한상,아 마눌 생일이라 예약할려 했는데 후기 보고 도저히ㅠㅠ,kakao
한상,별점 1도 아깝다 가격대비 음식 구성 맛 너무 떨어진다,kakao
한상,가격 대비 넘 좋았어요ㅎㅎ 불친절하다는 이야기가 리뷰에 있는데 아마 여자 사장님인듯 나머지 분들은 다 친절하세요 편하게 한식 먹으러 오기 좋을 것 같아요,kakao
한상,여기 절대 가지마세요 집에서 해 먹을수 있는 반찬만 수십가지 나오고 맛도 별로 입니다컵도 종이컵으로커피도 커피믹스로 주고형편없어요정말 돈이 아깝습니다ㅠ,kakao
한상,성의 없음   생수에 종이컵 반찬 가지수는 많으나 조기생선 몇마리에  집반찬들 뿐 그나마 육회는 맛 있음 추천하고 싶지 않은 가게임 식당 분위기에 맞는 식기류등 사용 권장 커피는 종이컵에 믹스밖에 없음 부모님 모시고 가족식사 자리인데 너무 실망함,kakao
한상,스님 밥상에 색을 입힌다라는 주제로 대상을 타기도 한 한상은 사찰음식에 조예가 깊은 박혜선 대표이사가 음식을 총괄하고 있다 몸에 좋은 음식은 기본으로 먹기도 좋은 음식은 맛도 좋다는 박 대표는 건강한 유기농 식재료를 많이 사용하여 믿음을 주고 있다 사찰 음식으로 요즘처럼 강한 입맛을 찾으시는 분들은 조금은 밋밋할 수 있어 참고 하시기 바랍니다,kakao
한상,반찬구성 꽝이고 식재료 질은 낮고 원가 싼거로만 골라서 반찬구성한듯 육회라고 나왔는데 거무튀튀한 색깔에 먹다남은 재고준거같고 맛도 보통이하네요 오늘은 돈 내지만 다시 오지 못할 업소라 생각됨,kakao
한상,별한개도 아까움 비싸고 특히 너무 시끄러움 룸도 룸이아님 천장이 다 뚫려있는 육회에선 오래된냄새나서 먹지도 못하고  최악입니다  손님을 호구로 아나요 한번 팔면 그만입니까  가족모임같다가 기분상하고 오래된 육회먹고 토하고  다신 안갑니다,kakao
한상,가지마세요 비싸구 맛두 없어요 높은곳이라 뷰만 좋음,kakao
일번지정육식당 돌곶이점,여길 왜 줄까지 서가며,kakao
일번지정육식당 돌곶이점,동네맛집 주말 피크타임엔 웨이팅해야해요,kakao
일번지정육식당 돌곶이점,별점이 높은 이유를 모르겠음  고기도 별로임,kakao
일번지정육식당 돌곶이점,좌석도 넓고 맛도 좋습니다 무엇보다도 서비스가 정말 좋네요 찌개류 줄어드는걸 못봤네요 bb,kakao
일번지정육식당 돌곶이점,가격 저렴하고 가성비 좋다보니 항시 웨이팅이 있어요,kakao
일번지정육식당 돌곶이점,가성비 좋고 맛있음 차돌박이 된장찌개는 좀 슴슴함 매장은 생각보다 작음,kakao
일번지정육식당 돌곶이점,몸보신 필요하면 가곤 합니다 이 가격에 소고기를 이렇게나 왕창 즐길 수 있다니 심지어 퀄리티나 맛도 좋아요 중간중간 된장찌개 리필해주시고 밑반찬 직접 가져다 먹는것두 편해요,kakao
일번지정육식당 돌곶이점,여기 회식하기 최고입니다 보기 좋게 나와서 부모님 모시고 가도 괜찮고요 찌개 리필해주시고 쌈채소도 계속 가져다 먹을 수 있음 10만원 안쪽으로 소고기 배부르게 먹을 수 있어서 최고,kakao
일번지정육식당 돌곶이점,싸고 맛있는집 무한리필가능한 된장찌게는 정말맛있어요 고기와 더불어먹는 냉면맛도 좋아요,kakao
일번지정육식당 돌곶이점,회식장소로 좋아요 직원들끼리 먹었는데 친절하시고 맛도좋았어요,kakao
일번지정육식당 돌곶이점,가성비있게 맛있게 먹을수 있는곳이라 자주 갑니다 웨이팅이 좀 있긴 하지만 그래도 금방 빠지는것 같아요 알바생들도 친절하고 좋아요 특히 된장찌개 너무 맛있어요 굿,kakao
일번지정육식당 돌곶이점,맛있고 직원분들도 친절해서 좋았어요,kakao
일번지정육식당 돌곶이점,살치살 단독으로 먹멌을때가 맛있었어요 한마리는 고기 좋아하는 사람들에게 가성비 좋은듯요,kakao
일번지정육식당 돌곶이점,맛있고 친절하고 주차도 편한데   가격이 너무 올랐네요   소한마리 4만원대로 시작했는데   어제가니 7만3천원   고기값이 두배로 올랐습니다 그게 좀 아쉽긴하네요,kakao
일번지정육식당 돌곶이점,질 좋은 고기를 가성비 있게 먹을 수 있고 주차도 좋고 된찌도 존맛 그리고 야채들도 셀프로 원하는 만큼 가져다 먹을 수 있어서 자주가요 존맛,kakao
일번지정육식당 돌곶이점,가격이 엄청올랐음,kakao
일번지정육식당 돌곶이점,너무맛있고 친절해요융,kakao
일번지정육식당 돌곶이점,써빙끝내주네요 알바친구들 굳 친구들과한잔하기좋은집 된장찌게무한리필 1인상차림비2000원 가끔자주가는 집 친절하고편한집 석관동 명소강추합니다 손님이많아 조금시끄럽긴해도 분위기좋고 써빙친구들 멋져요 장사 잘되는집은 뭐가 달라도달라,kakao
일번지정육식당 돌곶이점,가성비 매우 좋아요 너무 시끄럽고 대기가 긴 게 흠이지만ㅠ,kakao
일번지정육식당 돌곶이점,가성비 좋음 다만 손님이 많고 북적북적해서 가끔 불친절하는데 이해함,kakao
일번지정육식당 돌곶이점,소고기치고 저렴하고 된장찌개 짱맛 ㅠㅠ,kakao
일번지정육식당 돌곶이점,가족끼리 자주오는곳 사람이많아서 웨이팅은 항상있음 ㅠㅠ 근데존맛,kakao
일번지정육식당 돌곶이점,이시국에 자리도 넓은데 테이블간 간격도 안두고 옆자리에 앉히네요 56명 되는 사람들이 먼저 와있던 우리테이블 옆에 앉는데 그 어떤 제재도 안하는걸 보고 식겁했습니다,kakao
일번지정육식당 돌곶이점,사람 바글바글해서 정신 없는것빼곤 좋음 입소문이 무섭긴한가봄 이거 전 가게는 손님 하나도 없다가 망했는디,kakao
일번지정육식당 돌곶이점,가성비는 좋아요 미국산 고기에 철판 가스불 구이라 소고기에 숯불맛을 기대하는 분은 실망할듯 배는 부른데 소고기맛을 느끼지는 못하겠네요 그점만 빼면 서빙도 시설도 괜찮음,kakao
일번지정육식당 돌곶이점,여기 가끔 이용하는 식당인데 처음에는 고기상태가 좋았는데 근래들어 고기 상태가 안좋습니다 냄새에 둔감한 저인데도 차돌박이 외 다른부위에서 냄새가 심해 못먹겠더군요 식당가보시면 알겠지만 이젠 노인분들이 거의 주를 이루어더구요고기에서 나는 냄새가 둔감해서그런듯합니다,kakao
윤스쿡,돈카츠 좋아하는데 여기서 경영식 돈까스 맛있음 게 먹음광운대 정식,kakao
윤스쿡,돈가스 소금후추 찍어먹음 맛있음,kakao
윤스쿡,제 인생 1등 일본식 돈까스 맛집이라 생각합니다 대학가 근처 맛집이라 기대 안하고 친구따라서 가서 먹었는데 너무 맛있어서 놀랐어요 원육 숙성을 잘해서 육질은 부드럽고 돈까스 튀김은 바삭바삭했어요 여기는 등심 따로 안심 따로 최소 두 번은 가야한다고 생각합니다 저는 지금까지 5번정도 방문했습니다  재방문의사 ,kakao
윤스쿡,안심 돈까스 깍두기 너무 부드럽다 같이 간 아들이 별다섯개라고  특히 특로스가스 최고입니다 친절하시기까지,kakao
윤스쿡,돈까스도 돈까스지만 특히 불맛이 확 나는 제육덮밥이 정말 맛있습니다,kakao
윤스쿡,돈까스가 맛있긴 한데 요즘 돈까스 집들이 상향평준화가 많이 되서 엄청난 맛까진 아닙니다 이 곳의 진가는 파불고기 덮밥인데요 돈까스에 이거 같이 드시면 무조건 만족하실 수 있습니다 둘 정도 인원으로 메뉴 3개 시켜서 1개 반씩 나눠 드시는 걸 추천합니다,kakao
윤스쿡,가격에비해 그렇게 맛있는것도 아닌데 현금할인해준다해서 계좌이체 되냐고하니까 한숨쉬면서 계좌이체는 안돼요 이럼 걍 딴데갈란다 가성비 ㅆㅎㅌㅊ,kakao
윤스쿡,비싼데 진짜 맛있습니다,kakao
윤스쿡,맛있어요 근데 쫌 비쌈,kakao
윤스쿡,모든 메뉴가 맛있습니다 정식도 맛있고 히레카츠도 맛있습니다 히레카츠의 경우 어느 일식 돈가스와 비교해도 뒤지지 않습니다 시간이 지나도 튀김 옷이 눅눅해지지 않고 끝까지 바삭합니다  점심 시간에는 웨이팅이 계단 끝까지 생기기 때문에 점심 시간보다 일찍 혹은 점심 시간보다 늦게 방문하시는 걸 추천드립니다 사실 광운대 학생들과 근처 주민들 모두가 즐기는 식당이라 언제 방문하셔도 손님이 끊이지 않고 들어옵니다ㅎㅎ,kakao
윤스쿡,믿고 먹는 윤스쿡역시 맛있어요 어디가도 이런 퀄리티는찾기 힘들어요 엄지척 할수밖에 없네요,kakao
윤스쿡,맛잇고 친절함,kakao
윤스쿡,ㄹㅇ 맛친놈 쩝쩝박사로서 검증된 맛집임 팡운머 근처 최대 맛집 사장님 아 싸랑해요 아우 3일 연속 간 적도 있음 그냥 가뭄 속 내린 가랑비 그자체인 것이에요 돈까스만 맛있는 줄 알았는데 제육덮밥도 맛있음 하 어이업성 기본 돈까스보단 로스히레 시키는 걸 추천드림 핑크솔트가 최고다 현금 내면 천원 할인해주심 야호 ᕕ ᐛ ᕗ  여기는요 제육정식을 먹어보기 전에는 별점 5점이었다면요 제육정식을 먹어본 뒤론 별점 50점입니다 진짜 개이에요 ㄹㅇ 불맛 확 나면서 양도 많고 밥에 계란후라이에 된장찌개까지ㅠ 이거 안 먹으면 깜빵 감 일찍 열어줘서 1교시 끝나면 맨날 가요 ㅎ 사랑해요 윤스쿡,kakao
윤스쿡,익지 않은 고기가 서브되었는데 대처방안이 1500원 할인된 금액이라  양심이 참 없는 곳입니다  다신 안갈예정입니다 돈까스 고기의 빨간부분과 안익은 걸 구분 못하는사람은 없습니다 참고하세요    저녁에 배탈나서 폭풍설사했습니다 정말 고통스럽네요,kakao
윤스쿡,나는 여기가 1만5천원으로 가격을 올려도 갈 것임 진짜 좋아하는 돈까스집 가격이 1만원대라 부담스럽지만 그래도 맛은 있음 진짜 맛있음  로스 히레 광운대 정식 다 먹어봤는데 로스가 참 맛있음 같이 나오는 와사비랑 같이 먹으면 금상첨화임  광운대 정식은 현금으로 구매하면 할인해주는데 가격이 딱딱 떨어지는 것도 아니고 계좌이체도 안되서 사실상 잔돈이 많이 남아도는거 아니면 그냥 카드결제가 좋음,kakao
윤스쿡,광운대 수업들으러 왔다가 깜짝 놀라고 갑니다 겁나 맛있네요,kakao
윤스쿡,광운대 맛집 중 하나 돈까스도 맛있지만 제육이 특별한집,kakao
윤스쿡,현재 메뉴판 가격입니다  옛날 사진이랑 비교해보니까 가격은 오르고 양은 적어졌네요  맛은 낫배드입니다  별 4개 드립니다,kakao
윤스쿡,안심 등심 치돈 까지 가격 싸고 다 맛있어요,kakao
윤스쿡,제육 된장 세트로 먹었습니다  제육은 불맛이 나고 채소도 신선해서 맛있었습니다  된장찌개도 칼칼허이 소주가 생각날 정도로 맛있었습니다   전반적으로 깔끔하고 사장님도 친절하시고 맛도 좋고  가격도 너무 착합니다  한마디로  윤스쿡 내맘에 쿡,kakao
윤스쿡,돈까스의 끝을 볼 수 있는 곳,kakao
윤스쿡,죄송한데요 여기 돈까스미만잡이에요 비싸면 먹지마세요 내가 다먹게,kakao
윤스쿡,광운대 근처 음식점 개바르는걸로는 모자르고 전국구 맛집으로 나와도 될 정도임 별 6개 없나,kakao
윤스쿡,한끼로 후회 없는 선택,kakao
윤스쿡,아니 250g의 돼지고기를 1만원에 근데 맛있다니  가만 아쉬운 점은 히레가츠 씹다가 입천장이 까짐 ㅎㅎ,kakao
윤스쿡,갈 때마다 한결같아요 최고에요 ,kakao
윤스쿡,이 가격에 이정도 퀄리티라니 우동도 맛있어요 ㅜㅜ사람들 꽉 차는 이유를 알겠네욤 흐흐 낼 또가야지,kakao
윤스쿡,숨은 돈까스 맛집 가격올리고 번화가에서 장사하셔도 될듯,kakao
윤스쿡,솔직히 갓성비  어딜 내놔도 아깝지 않은 퀄리티   정말 최고야,kakao
윤스쿡,팡운머최고맛집,kakao
윤스쿡,좀 비싸지만 질 좋고 맛있어서 돈 아깝지 않아요 가게도 깨끗해요,kakao
윤스쿡,돈까스너무맛있어요 팡대생의 추천맛집,kakao
더원,요리류가 맛있어요 홀매니저님도 친절하시고 다음에 또 가고싶습니다,kakao
더원,방문 때마다 어머니의 安否를 묻는 manager분께 고마운 마음 전합니다,kakao
더원,북경오리 코스  오리 가슴살 볶아 나와서 살짝 매콤한듯 좋았고 뼈탕이 진하게 마무리 되어 좋았다  주방장님이 하얏트에서 29년 일하셨다고 했다 배불러서 다른 것을 못 먹었지만 다음에는 여럿이서 가서 요리를 먹어야겠다  매장이 깔끔하고 중간중간 테이블 위의 휴지나 밀쌈종이를 치워 주셔서 개인적으로 좋았음,kakao
더원,맛과 친절도 모두 만족 북경오리를 처음 경험하기에 최적의 장소,kakao
더원,군대간 막내아들 휴가나오날 얼큰한 짬뽕이 먹고 싶다기에 더원으로 달려갔지요 시원하고 얼큰하고 해물도 듬뿍들어있는 삼선짬뽕에 유린기와 유살슬도 시키고 빙화만두까지 상다리 부러지게 차려진 중국요리에 울아들 정신없이 맛나게 먹는 모습에 흐믓하고 맛난 시간이었지요 야채도 신선하고 고기도 부드러웠으며 유린기의 소스가 독특하니 맛났습니다 담에 또 휴가나오면 그땐 미리 북경오리 예약하고 꼭 가봐야겠어요,kakao
더원,북경오리 미쳤어요 너무 맛있고북경오리 정식코스 먹었는데 냉채 북경오리 볶음 탕 쭉 나와서 구성 넘좋고 배부르고 최고였어요ㅋㅋ,kakao
더원,북경오리 가성비 있고 맛있네요 다음엔 다른 요리도 먹어보러 가야겠어요,kakao
더원,사장님 친절 음식도 기대이상,kakao
더원,맛 서비스 모두 만족입니다 장모님 생신으로 갔었는데 가족 모두가 만족해서 좋았습니다,kakao
더원,말 그대로 더 원이네요,kakao
더원,늘 즐겨찾는 중국집입니다 특히 다른 메뉴보다 타 중국집에서 보기 어려운 사천탕면 짜사이탕면을 추천합니다 사천탕면은 아주얼큰한 맛이 좋고 짜사이탕면은 특유의 깔끔하고 돼지고기 베이스의 짭짤한 국물이 맛있어요  만날 흔한 짜장짬뽕에 질리셨다면 이 곳을 추천해요,kakao
더원,맛있어용,kakao
더원,최악임 이렇게 맛업는 중국집 처음봄 직원들은 친절하나 맛없음 맛잇다고 리뷰 남기는사람들 다 구라치는거같음 첫째 삼선짬뽕 싱겁고 맹탕같다 해산물 아낌없이 넣어줄정도로 많지 않다 둘째 쟁반짜장 싱겁고 짜장맛 한 20프로 밖에안난다 셋째 깐풍기 싱겁고 기름맛만 난다 양념이 하나도 베어잇지않고 튀김과 고기가 따로논다 넷째 잡채밥은 그나마 약간 낫는데 같이 딸려오는 국물이 무슨 짬뽕국물도 아니고 육계장 국물맛나고 미지근하고 싱겁고 간이 안베어잇다  전체적으로 음식에 간이 안베어 싱겁고 뭘먹는건지 모르겠다 이 리뷰를 보고 참고잘하시길,kakao
더원,양 많고 해산물 진짜 아낌없이 넣어줌,kakao
더원,짜장면이 쫍조름한게 맛있습니다,kakao
더원,낫배드 메뉴들이 다 평범함 무난하게 맛있다  해물 양 많고 신선함 아주머니 친절함,kakao
스시다온,다른데서 이가격에 이런스시 못먹습니다,kakao
스시다온,집에와서도 생각나는 행복한 런치였습니다 쉐프님 입담도 즐겁고 깔끔하고 편안한 오마카세였습니다 오래오래 장사해주세요U0001faf6 갓성비 그잡채 바로 또 예약했답니다,kakao
스시다온,분위기도 좋고 맛있어요 배불러서 산책하다가 귀가했습니다 위치가 주택가라서 주차는 근처 공영주차장에 하시면 됩니다 몰랐는데 주차비 무료더라구요,kakao
스시다온,가성비 있고 친절하긴 하셨는데 집에 돌아와서 사진을 보니 ㅠ 초밥 위에 이상한 털이 있었다는걸 알게됐어요 먹을땐 몰랐는데 꼬불털이라 뭔가 ㅠㅠ  셰프님은 엄청 친절하셨어요 하지만 위생에 주의를 기울이셔야할거같아요 ㅠㅠ,kakao
스시다온,가성비가 넘쳐여,kakao
스시다온,초밥 나오기 전 에피타이져가 맛있었고 전복 들어간거 초밥은 12피스 나와서 배부르게 먹었습니다 이 가격에 이러한 식사는 정말 감사합니다 가성비 최고에요 계속 말 걸어주시고 설명해주시는데 저희는 오히려 좋고 재밌었습니다 재방문 의사 있어요,kakao
스시다온,셰프님이 음식 설명을 친절하게 잘 해주십니다 기념일이신 분들은 후토마키 꽁다리를 받을 수 있어요ㅋㅋㅋ,kakao
스시다온,가성비 괜찮은 오마카세 그러나 포만감이 느껴지지 않아서 별하사 뺐습니다 집에와서 라면하나 먹었습니다,kakao
스시다온,오마카세 엔트리중에 방문할만해요 집근처라 방문했는데 재방문의사 있습니다 메뉴가 푸짐하게 나오는건 아니지만 많이 나와요 결국 배불러서 못먹었습니다,kakao
스시다온,무례함 사진찍는사람앞에서 대놓고 사진의미없다해서 괜히 눈치보여서 안찍음,kakao
스시다온,가성비 좋은 오마카세  셰프님 친절하시고 재밌으셔서 즐겁게 먹고 왔습니다,kakao
스시다온,음식 하나하나너무 맛있었어요ㅎㅎ 일괄적으로 음식을 내어주는게 아니라 식사 속도에 맞춰 주셔서 쫓기는 느낌 없이 편안한 식사 할 수 있어요 식기도 사케잔도 예쁘고 가게도 너무 청결해서 좋았어요U0001faf6,kakao
스시다온,가성비 좋고 맛도 충분합니다 전체적으로 재방문 할수 있겠다는 생각이 드네요,kakao
스시다온,서비스도 좋고 맛도 매우 좋습니다,kakao
스시다온,난 내스타일 아니었음 초밥이 별루 너무 셨음 저렴한 가격에 오마카세를 경험할 수 있는 건 좋았지만 솔직히 뭐가 좋은 건지 잘 디저트까지 야무지게 나온건 좋았음,kakao
스시다온,가격 대비 맛있어요  다만 쉐프님이 너무 사적인 말을 많이 거시는 선을 넘을랑 말랑 그리고 12명 가량 수용하다보니 약간 소란스러워서 아쉬워요,kakao
스시다온,가격 위치 맛 구성 서비스 다 종합해서 4점정도는 되겠다 싶어서 4점 평 남기려 했는데 음식 사진 다시 보니 5만원대에 이정도라면 반올림해서 5점은 충분하겠다 생각 드네요   약간 진듯 하면서도 삼삼하고 간이 약한 샤리가 제 타입은 아니었지만 호불호 차치하고서라도 전체적으로 만족스러웠던 저녁식사였습니다 가성비 좋아요,kakao
스시다온,거를 타선이 없네요 행복했습니다,kakao
스시다온,스강신청이 빡셌다 서울 동북권의 축복이라 부를 수 있는 가성비 넘치는 오마카세다 숙성회의 퀄리티가 전반적으로 만족스러웠지만 애피타이저나 디저트는 약간 아쉬웠다 조금 자극적인 맛들이었다고 해야할까 입을 행구는 기억이 더 많았던것 같기도 그럼에도 가격을 생각하면 이건 무조건 재방문이다 입문용으로도 그리고 가볍게 오마카세를 즐기기에도 좋은 그런 오마카세 스시집,kakao
스시다온,완즈이 기절,kakao
스시다온,유튜브 보고 찾아간 곳인데 기대보단 아쉬웠어요 ㅠㅠ 캐주얼한 분위기었고 초밥도 무난한 맛이었습니다 특별히 와 맛있다 이런 게 없었어요 ㅠㅠ 캐치테이블 어플에 안 좋은 후기 있어서 좀 걱정했는데 셰프님은 친절하셨어요,kakao
스시다온,셰프님이 친절하고 너무 재밌으시고 이 가격에 이런 퀄리티 오마카세를 맛볼 수 있다니 정말 대박이에요 재방문의사 200있습니다 ㅎㅎ,kakao
스시다온,다양하게 먹을 수 있어서 너무 좋아요,kakao
스시다온,맛있었고 친절하게 응대해주셔서 좋았어요,kakao
스시다온,깔끔한 외내관  맛잇는 식사와 구성 친절하고 센스있는 쉐프님들 부담없는 가격 다 좋았어요  쉐프님 접객태도에 대한 말들이 많은데 기분 나쁘다는 이야기도 좋았다는 이야기도 다 맞다고 생각해요 경험상 불친절할 정도로 무뚝뚝한 쉐프님도 말씀 많은 쉐프님도 겪어봤는데 전 좋았고 무난했다고 생각하네요 쉐프님이 방문하는 손님들마나 독심술사도 아니고 난 말 없이 프라이빗하게 먹고 싶은 손님이나 사담 하고 싶어하는 손님 구분해가며 응대할 수도 없는 노릇이니까요,kakao
스시다온,가격대비 만족스러움,kakao
스시다온,오마카세가 처음이였는데  부담스럽지 않게 계속 말 걸어주셔서  재밌게 먹었어요,kakao
스시다온,총점은 35점  음식 중저가 오마카세임을 고려해도 아쉬운 편이었어요 청어가 괜찮았고 모든 메뉴가 그정도 퀄리티였으면 만족했을 텐데 나머지가 그다지 매력이 느껴지지 않았어요 다른 분들 평처럼 샤리도 좀 짰고요  서비스 접객은 다른 평들처럼 호불호가 갈릴 듯해요 친근하게 이야기를 던져주시는 건 좋은데 격식이 너무 없는 느낌 옆 손님한테 뭘 그렇게 두리번두리번하세요 심심해 보여요 하는 게 썩 듣기 좋진 않았어요  초밥 설명을 해주실 때 테이블 전체에 한번에 말씀하셔서 다른 손님들 이야기 소리에 종종 안 들릴 때가 있어서 아쉬웠어요  그밖에 초밥을 놓아주는 각도나 숟가락의 위치 등 약간의 디테일한 부분을 더 신경써 주시면 좋을 것 같아요,kakao
스시다온,맛있음아쉬운 부분 없는 건 아니지만  조금 더 받아도 불평할 수 없는 가성비 접객은 확실히 호불호 갈릴듯 해요 약간 툭툭 던지시는 말투라서 난 웃겼음,kakao
스시다온,샤리 네타 상태와 구성 모두 만족했고 설명도 재밌게 해주시고 좋았어요,kakao
스시다온,맛 위생 그리고 서비스를 분리해서 리뷰하는게 적절한 곳 같아요  맛은 별 4개 구성도 알차고 스시도 이정도면 엔트리급으로 훌륭하다고 생각했어요 이날 단새우하고 우니가 없었던게 조금 아쉽기는 했습니다 그리고 다른분들 말처럼 샤리가 조금 아쉽네요  서비스 별 2 이 부분은 호불호가 확실할거 같아요 저와 제 일행은 불호였어요 손님하고 대화하는 방식에서 톤 질문 유형 그리고 물어보는 태도 저는 불쾌하다고 느꼈어요  위생 별 1개 이부분이 제일 아쉬웠어요 담당 주방잠님이 손을 물로만 대충 씻으시고 스시를 만들어 주시는데 같은 손으로 손님들이 먹던 그릇들은 치우시고 그리고 여기저기 만지시고그 중 제일 불쾌했던 부분은 같은 물티슈로 스시 올려놓았던 접시 부분을 제거 제 일행거 그리고 모르는 옆사람거까지 같은 물티슈로 계속 여러변 닦는다는게 가장 이해가기 어려웠던 부분이에요교차오염에 대한 위험부분 무관심이신지  그래서 구성 좋았는데 경험상 총평은 3점 입니다,kakao
스시다온,이 가격에 이런 오마카세라니 엔트리급 중엔 최고입니다 고등어는 약간 비렸어요,kakao
스시다온,접객에 대한 혹평이 많아 방문을 사실 고민했었는데 방문 후 역시 사람바이사람 이라는 생각이 많이 들었습니다 하이엔드 미들 엔트리급 오마카세 골고루 적지않게 다녔지만 점장님 말씀처럼 엔트리급에서 선보일 수 있는 캐주얼함과 가벼움이 매력이었던 곳이었어요 샤리는 조금 아쉬운 부분이 있었지만 구성은 결코 뒤지지 않았던 식사였으며 적극적인 호스팅이 오히려 식사를 더욱 즐겁게 해주셔서 재방문 의사가 확고해졌습니다 700일 무려 기념일 식사로 다녀왔지만 아쉬움은 없었습니다,kakao
스시다온,1시간이라는 식사시간 안에 해치워야 한다는 느낌을 받음 되게 타이트한 느낌 정말 맛있었으나 약간의 불친절함이 느껴질때가 종종 있었음,kakao
스시다온,입문용으로는 괜찮아요,kakao
스시다온,11월 둘째주 방문 히까리 모노가 너무 적고 김이 연속으로 계속 나오는 구성이라 아쉬웠습니다 그나마 나온 아카미 고등어는 상태가 너무 아쉬웠습니다,kakao
스시다온,사진이 10개밖에 첨부가 안되어 아쉽네요 코스 구성도 좋고 가성비가 뛰어나요 엔트리급 스시중에선 훌륭합니다 특별히 청어와 고등어 아나고가 좋았어요 그런데 행주 하나로 계속 반복해서 도마를 닦고 손도 닦고 하시는건 개선이 필요할 듯 합니다  바로 앞에서 음식먹으며 보는데 보기에 좋지않아요,kakao
스시다온,무늬오징어굿 중방어참치등살은 아쉽,kakao
스시다온,노원구의 축복 인정합니당,kakao
스시다온,오픈이벤 가성비,kakao
스시다온,비린내없이 입에서 녹는다 너무 맛있게 먹었음,kakao
스시다온,친절하게 잘 설명해주셨고 만족스러운 한끼였음 7월에 재방문각 예약되면,kakao
스시다온,샤리가 너무 흩어지거 빼고믄 완벽 청어는 조금 비렸지만 전반적으로 다 맛있음,kakao
스시다온,맛있고 가성비도 훌륭합니다 성인 남자 기준으로 완전 배부르게 먹었어요 한가지 아쉬운 점은 런치 첫 타임이었는데도 앞치마나 도마 위의 행주상태가 깨끗해보이지 못했어요조금 더 신경써 주시면 좋을거 같아요,kakao
스시다온,ㄹㅇ 가성비 끝판 존맛입니다,kakao
스시다온,첫 오마카세였어요 설명해주신 거 잘 기억은 안나지만 정말 잘 먹었고 좋았어요 1시간 알차게 먹고 왔습니다 긴 테이블에서 셰프님들이 조리해주시는데 신기하고 그저 좋네요,kakao
스시다온,얼른 다녀오세요 예약전쟁이 더 심해지기전에,kakao
라체나1907,가지 미트 파스타,kakao
라체나1907,가족 친목모임 간거였는데 조명이 어두워요 글씨 읽을때 눈에 힘이 들어가서 분위기가 아니라 그냥 위기에요  점원분 향수인지 전자담배인지도 너무 진해요 역합니다  크림스프는 크루통맛만 나요 루에 가까워요 후추는 요청하니 주셨어요  파스타는 면이 스파게티니라 소스와 먹기 힘들어요 집게도 불편해요 이게 오일파스타인줄 아시나봐요  미트 소스는 간 돼지고기가 상태가 영 그렇고 가지 한개 정도 쓰는 거 같아요 청양크림 소스는 청양고추가 아니라 베트남 고추가 잔뜩 들어있는데다 크림이 텁텁하고 느끼해요 상대적으로 미트소스가 나아요 재룟값 절약을 잘 하시네요   스테이크는 소금을 너무 많이 뿌렸어요 가니시도 무척 짜요   전반적으로 맛없습니다,kakao
라체나1907,데이트 하기엔 괜찮은 적당히 소소하고 친절하고 아늑한  2인세트  스테이크 280변경  근데 맛은 제 스타일이 아니네요,kakao
라체나1907,다 맛있어요,kakao
라체나1907,석계역에 이런 곳이 있다는 사실만으로 감사할 따름입니다 맛도 가격만큼은 하고요 인당 3만원 정도에 배불리 분위기 좋은 식사할 수 있어요 사진은 레드화이트 와인 엔쵸비 파스타 스테이크예요,kakao
라체나1907,맛있어염,kakao
라체나1907,청양 파스타랑 머쉬룸 스테이크 맛있었어요,kakao
라체나1907,친구랑 먹으러 갔었는데 전혀 기억에 남지 안는맛이네요  이 돈으로 더맛있는거 먹으러 가세요,kakao
라체나1907,맛은 있는데 남자 사장이 뭔가 이상함 지인이랑 스테이크랑 파스타 시켰는데 고기가 품절이라 다른거 시켜야한다고 말씀해주심 내 지인은 스테이크 먹으러 온거라 좀 실망했었음 근데 그거 보고 다시 주방에서 나와서 뭐 기분 나쁜거 있으세요 이런식으로 시비트듯이 손님 기분을 파악하려고듦 ㅋㅋㅋ 뭔가 저 말투랑 매너가 기분이 안좋았음  사장과 별개로 파스타는 진짜 개존맛이라 별3개,kakao
라체나1907,크림소스 맛이 좀 달고 뭔가 깔끔하진 않네요 면 삶기는 좋았습니다 너무 매운 고추가 많이 들어가 있고 맛의 밸런스가 안 맞아요,kakao
라체나1907,왜 맛있지,kakao
라체나1907,맛있어요 석계역에 이런 곳이 있다니,kakao
라체나1907,맛은 괜찮아요허나 양이 넘 적어요사이즈업 메뉴도 없고 ㅜㅜ,kakao
라체나1907,맛있어요 석계역에 이런분위기의 가게가 있다니 가성비도 좋고 맛도 좋아요,kakao
라체나1907,진짜 맛있어요 가격대비 훌륭해요 특히 석계역에 이런 맛있고 분위기 좋은 레스토랑이란ㅠㅠ 진짜 귀한것 근데 딱한가지 단점이 모든 메뉴가 좀 매워요ㅠㅠㅠ 안 맵게 해달라고 말씀드리는거 필수,kakao
라체나1907,직원분이 친절하시고  음식의 양도 적당하고 맛있습니다,kakao
김밥천국 광운대점,사람들마다 당시 분위기 상황 기분 등 나름의 요인들 때문에 好評이 있을 수 있고 惡評이 있을 수 있다고 여긴다 나는 개인적으로 이 업소에서 맘마를 먹으며 언짢은 일이 없었기에 안 좋은 얘기는 쓸 일은 없다  친절하고 맛있게 먹은 기억 뿐이다,kakao
김밥천국 광운대점,친절하시고 음식도 양 많고 먹을 만한데 가게가 너무 좁습니다,kakao
김밥천국 광운대점,야채김밥이 제일 부실한 것 같음 햄을 밀가루 함량이 많은 분홍소시지를 사용하는 거 같은데 햄의 질만 바꿔도 업그레이드가 될 것 같음 단 친절하신 것은 인정,kakao
김밥천국 광운대점,그래도 나쁘진 않던데 친절하고 좋았음,kakao
김밥천국 광운대점,단무지김밥 ㅋㅋㅋ  꼬라지봐라,kakao
김밥천국 광운대점,제육 양도 많고 맛있어요,kakao
김밥천국 광운대점,14년 동안 다녔는데 김밥 평이 왜 그런가요 도마와 칼 닦는 행주는 그 용도 전용 아닌지요 김밥 싸실 때 위생장갑 꼭 끼고 기타 작업시는 벗는 등 제가 보기에는 꽤 살피며 일하시던데요 다른 집은 두루마리 휴지 잘라 칼 닦으시던데 잘 삶은 행주라면 무방하지 않을까 싶어요 전 모듬김밥 좋아해요,kakao
김밥천국 광운대점,김밥에 참기름은 안바르고 밥이 70프로네요 그냥 밥이랑 김먹는줄 이런김밥 처음먹어봅니다 최악,kakao
김밥천국 광운대점,김밥이,kakao
김밥천국 광운대점,김밥을 좋아하는 1인 맛이 제 입맛에 맞다보니 몇년을 쭉 며칠 전 김밥 사러갔다가 충격적인 장면 김밥을 자르는 칼과 도마를 옆에 있는 행주로 쓱쓱 닦아 김밥을 자르는것을 보고 아ㅠㅠ 주문한거라 거절도못하고 들고 오는 내내 찝찝함을 잊을수가 없습니다  사장님  30도를 넘나드는 여름철 위생 교육은 필수라 봅니다,kakao
김밥천국 광운대점,직접 가보니까 친절하고 음식도 괜찮은데요 괜히 걱정했네요 추천합니다,kakao
김밥천국 광운대점,학교앞이라그런지 양이 정말 많네요 맛도 나쁘지않구요 가끔 가볼듯합니다,kakao
김밥천국 광운대점,여기 댓글 무슨 본인 가족들 시켜서 단 건가요 진짜 저는 정말 까탈스러운 사람이 아닙니다 여태껏 다른 모든 식당에서 단 한번도 정말 단 한번도 불친절하다고 느껴본 적이 없는 사람이에요 근데 처음 도착하자마자 뭐시키실거에요 이러시더라구요 제가 야채를 못먹어서 참치김밥에 당근 시금치 이런거 빼고 만들어달라고 했는데 숏컷 여자가 정말 인상을 팍 쓰면서 저기요 지금 뭔 말하는지 진짜 하나도 못알아듣겠거든요 이러시더라구요 ㅋㅋㅋㅋ 여기가 후기 좋길래 가까운 노원 김밥천국 가다말고 네비게이션 찍어서 광운대점까지 온 거였는데 밥먹는 내내 뒤에서 궁시렁궁시렁 거리고 진짜 최악이였네요 인성들이 왜이렇게 글러먹으신거죠 밥 한끼 먹으러 온 사람한테 뭐 이런 대우를 하시는건가요 대체,kakao
김밥천국 광운대점,광운대학교 유일 24시 음식점입니다 스페셜세트는 광운대점에서만 맛볼수있답니다,kakao
청년다방 광운대점,돈까스cuttlet를 좋아하기에 발걸음 하여 맘마를 먹었다 가성비 얘기를 할 것도 없이 정말 맛이 좋은 돈까스 충분히 권할 만한 업소다,kakao
청년다방 광운대점,진짜 청년다방 최곱니다U0001f979,kakao
청년다방 광운대점,처음갔을 때 감자튀김이 맛있어서 2번 더 가서 먹었어요 근데 감자튀김은 처음에 갔을때만 맛있어서 아쉽,kakao
청년다방 광운대점,맛있어욤 헤헤 청년다방 다른 지점에 비해 안 밀리는 것 같습니다 다만 치즈가 막 꾸덕꾸덕 그런 치즈가 아니고 볶음밥도 직접 해야 된다는 점이 아쉬웠어용,kakao
소문난멸치국수,서비스도 그렇고 맛도 그렇고 별로 유명한 거 같아서 갔는데 이유를 모르겠네용,kakao
소문난멸치국수,그냥 잔치국수,kakao
소문난멸치국수,주차빼고 다 좋은 집,kakao
소문난멸치국수,1년치 칼칼함을 한번에 섭취,kakao
소문난멸치국수,김밥은 정말 맛 별로네요 멸치국수 국물은 그냥 평범 면발은 주문한 세개 다 너무 익어서 탱탱함도 없고 그저그랬어요 대기줄까지 있길래 10여분 섰다 먹었는데 줄서서 먹을 정도의 집은 글쎄요 대신 양은 많았고요 김치맛은 좋았어요,kakao
소문난멸치국수,진짜 멸치국물 맛 있고 없고의 논쟁이 아닌 그냥 찐 잔치국수다 계란 안풀어서 더 맑음  지하 주차장 세단 사용금지 바닥 다 긁힘 ㅎㅎ,kakao
소문난멸치국수,평일 오후2시에도 잠시 기다려야 하는 곳시간 있으신 분만 오세용 멸치국수 말고는 느리게 나오니까 멸치국수만 드시구 김밥은 국물이랑 드시면 됩니다 공릉동 국수거리 대표집입니다 멸치국수에 구운파 고추 송송해서 맛있어요,kakao
소문난멸치국수,멸치국수 진짜 조아하는데 가격도 저렴하고 육수도 진하고 맛있음 먹다가 간장대파 하나씩 집어먹는게 별미임,kakao
소문난멸치국수,멸치국수,kakao
소문난멸치국수,가성비도 좋고 이 근방에서 제일 맛있는 멸치국수집,kakao
소문난멸치국수,이집 서비스 최악 순서대로도 안줌 우리 2명인데 늦게온 1명 테이블 먼저주고 순서 뒤죽박죽 나중에 온 1명 먹고 나갈때 까지 우리는 안줌 왜 순서 안지키냐고 했더니 1명이라 먼저줬대,kakao
소문난멸치국수,진심 처음 댓글 담 맛을 떠나 서비스 최악임 친절은 바라지도 않아요 그냥 기본만 하세요,kakao
소문난멸치국수,멸치국수는 저렴한 가격에 먹는 음식이란 생각인데 이 정도 맛이면 가격 대비 매우 훌륭하단 생각입니다 국물 맛이 좋습니다   물론 10000원이 넘는 평양냉면의 그 깊은 맛에는 부족합니다 그런데 그런 맛은 비용을 더 지불하고 먹는 음식에서 따질 맛이란 생각입니다,kakao
소문난멸치국수,넘  맛있어요 국물이 끝내줘요 비빔도 맛있고요,kakao
소문난멸치국수,싸고 양 많음 김밥은 정말 비추,kakao
소문난멸치국수,너무맛있어요국수집중 최고입니다,kakao
소문난멸치국수,The food is not delicious enough to wait in line,kakao
소문난멸치국수,아침 혼밥하기 최고입니다 장칼국수 국수 김밥 다 너무 맛있고요  단 멸치 국수 이외의 음식은 좀 더디 나올 수 있음  주문시 미리 말씀해주십니다,kakao
소문난멸치국수,맛있는 집이었으나  방송에 나오고 손님이 점점 많아지고 주인으로 보이시는 서빙 및 계산 하시는 아저씨는 나이 드셔서 힘드셔 하시는게 너무 눈에 너무 보입니다  가게 구조를 변경해서 기계로 주문을 받는 형태로  전환을 하시던지 사람을 늘리시던지  선택을 하셔야 할 것 같습니다,kakao
소문난멸치국수,바쁜시간도 아닌 시간에 먹으러 갔는데 수제비와 매운칼국수를 시켰더니 오래걸린다고 하시길래 괜찮다고 기다릴수 있다고 했고 그래서 기다리고 받았는데 그릇놓기도 전에 수제비는 바쁠땐 이렇게 해주는거 힘들다고 하시며 음식을 주길래 먹기전부터 기분이 상했다그럼 메뉴에 써놓던가 주문을 받지 말던가 기분도 상하는데 칼국수를 가져올때도 그러길래 화가나서 음식 먹기전에 정내미가 떨어진곳이다김밥도 밥이말라있고 제대로 썰리지 않아 계속 떨어져 먹기 짜증났고 치워주는것도 계속 말해야 해주고 가게 위생 상태 최악이고 서빙보는 사람이 왕인곳 다신 안간다 별하나도 아까운곳,kakao
소문난멸치국수,멸치국수 맛있어요대신 한번에 많이 삶고 주시는지 면이 복불복이에요 맛있는 날엔 진짜 맛있는데 맛없는 날은 그냥 평범한 국수 비빔국수도 무난하게 맛있고 좋아요 멀리서 찾아온다하면 말리지만 주변에 뭐 먹을거 찾을때는 추천하는 집 김밥은 비추입니다,kakao
소문난멸치국수,멸치국수는 그냥 그냥 아는 맛 김밥은 블로그에서는 맛있다고들 하던데 맛은 별로 굳이 줄 서가면서 먹을 정도는 아닌듯,kakao
소문난멸치국수,비빔국수는 너무 불었고 양념도 별로 비추합니다 멸치국수는 그런대로 비빔보다는 나음  맛있다고 소문이나 손님은 많았서 그런지  좀 불친절한 느낌,kakao
소문난멸치국수,위생에 대해서는 민감하지 않아서 신경쓰지 않았습니다   다만 어디가서도 맛볼 수 있는 멸치국수 맛입니다   대단하거나 특별하지 않아 보입니다   김밥 역시 말라있는건 둘째치고서라도  가격에 비해 보통 정도 입니다  한번은 먹어볼만 하나 큰 기대를 갖고 드시거나 줄서서 드실 필요는 없어 보입니다,kakao
소문난멸치국수,불친절한건 모르겠고 비빔국수 장칼국수 짱입니다 김밥도 추가시켜 드세요,kakao
소문난멸치국수,맛은있는데 불친절 비위생의 끝 머리벗겨진 70대남직원이 손가락으로 계속 숟가락 만지다가 그대로 수저통에 넣음 자기가 주문 까먹었으면서 손님한테 고함,kakao
소문난멸치국수,왜 유명한지 모르겠어요 ㅠㅠ 김밥 밥이 너무 말라서 씹기 힘들었어요 원래 이런건가 ㅜㅜ,kakao
소문난멸치국수,멸치국수는 비릿하지않고 비빔국수는 깔끔하고 별미로 햄은 없는데 맛있는 김밥은 꼭 같이 먹어야함,kakao
소문난멸치국수,국수가 밍밍하다는 평을 보고 걱정했는데 밍밍하진 읺았고 단지 간은 맞지만 깊이감이 없어서 밍밍한 느낌이네요 김밥은 ,kakao
소문난멸치국수,멸치국수에 들어간 고추가 별미 또 가고 싶은 곳,kakao
소문난멸치국수,실망ㅠㅠ,kakao
소문난멸치국수,국수 생각날 때 가는 집 동부간선 타고가다 생각날 때 갑자기 길에서 빠져 한 그릇 먹고가도 부담 적은 집,kakao
소문난멸치국수,맛있어요 멸치국수에 김밥한줄 먹으면 든든합니다  항상 붐벼서 친절을 기대하긴 어렵다는걸 알기때문에 맛있게 먹고 갑니다,kakao
소문난멸치국수,비빔국수가 제 최애 할아버지사장님이 친절한듯 안친절하신데 야식생각나서 먹으면 배터지구 좋습니다 ㅎ,kakao
소문난멸치국수,기대를 너무 많이 했나봐요 그냥 그래요  양은 진짜 많은데 좀 밍밍한 맛 비빔국수는 먹을만 해요 김밥도 집김밥 스타일이라 딱히 그냥저냥 그냥 할머니가 해준 느낌이 강해요  주차는 안되는 듯 도로변에 잠깐 주차했어요  평일에도 사람 많아요,kakao
소문난멸치국수,멸치국수만 먹을만함  나머진 할말하않반찬은 재탕하는듯 치우면서 신주단지모시고가듯 걷어감 불친절은 덤,kakao
소문난멸치국수,저녁에 안되는 메뉴가 몇개있고 너무 불친절하다 좌석간격이 너무 좁아 불편하다 김밥은 특별한재료가 들어가진않았는데 맛은있다,kakao
소문난멸치국수,상 치워달랬다가 면박당하긴 처음이네요 장사 이렇게 하시면 안된다,kakao
소문난멸치국수,너무 맛있어요 심심한 듯 안 심심한 듯 김밥 꼭 드세요 최고,kakao
소문난멸치국수,전화해보고 가세요 영업시간보다 일찍 마감하네요 헛걸음 하지마세요,kakao
소문난멸치국수,멸치국수 비빔국수먹고싶을때 생각나는집 언제가도 항상 손님가득 줄서기도 하지만 회전율 빠름 속재료 별거없는 고슬고슬 김밥도 이상하게 맛있다ㅋㅋㅋ,kakao
소문난멸치국수,별점은 일부러 4점 부여합니다 아무 인연 없음을 일부러 드러내는 순박함의 표현입니다   그냥 허접한 고독한 바이커 미식가입니다 호텔급 정갈함과 청결을 원하시는 분 또는 컨시어지 매니저가 추천하는 미슐랭 맛집을 찾으시는 분은 그곳을 찾아야 합니다   저는 자주는 아니었지만식당과 첫 인연은 한 15년 이상됐습니다최근 바이크 매니어 된 이후 한달 한번 찾습니다  맞습니다 서비스 마인드 좀 부족합니다 사장님 남편되시는 부사장님께서  지금껏 한번도 뭐 드시겠습니까 어떤 메뉴로 드릴까요 라고 저는 들어 본 적이 없습니다   다른 식당과 서비스 면에서 차이가 있다고 느끼실 수 있습니다 그러나 욕쟁이 할머니 식당에서 욕 찾아가면서 먹듯이 그냥 이 이 국수집만의 투박한 서비스로 생각하시고 마음 편히 국수 한그릇 드시면 어떠실까 싶습니다  댓글들 보니 다들 천차만별이시고 모두 느끼시는 점 다르시겠죠 앉은 자리에서도 주문하기 힘들 정도로 바쁜 상황인데 전화로 예약이나 주문은 해당 식당 상황에서 100 수용 불가합니다  더군다나 지금의 제 댓글 아니어도 아시는 손님들은 넘쳐나는 상황이니 문제는 전혀없을 것입니다  다만 어는 소비자이든 자신의 단 한번의 불편함맛은 평가하셔야 옳고 서비스 불편함은 두 세번 겪은 후에야 어느 정도 타당성을 가지리리 생각합니다을 이유로 오랜 식당을 조급하게 폄하폄훼하는 것은 소비자의 합당한 권리를 조금은 넘어선 부분이 아닐 지 조심스럽게 생각됩니다 불쾌하셨다면 양해 부탁드립니다 다만 여러 사람들의 판단의 기준이 될 수도 있는 평가 댓글은 조심스럽게 다듬어 다는 것을 부탁드립니다  그냥 아무런 사심없는 수많은 단골가끔 방문이라서 단골 명칭이 안어울립니다 중 한 사람으로서 순수한 마음의 부탁드립니다  내일도 시간되면 파 숭숭 썰어 넣어주신 칼칼한 멸치 국수 삼키러 가렵니다 ,kakao
소문난멸치국수,사람이 많은 주말인건 이해하지만 위생에좀더 신경써주셨으면해요 10년단골인데 오늘보고 경악 찢어진일회용 비닐장끼고 손님들  먹은그릇 치우고 바로 김밥싸다가 아줌마 손가락에  뭐 묻은거  입에 넣어서 떼고 김밥을 다시 싸주시는데 김밥 던지고싶었으나 집에와서 버림 ㅠㅠ 이젠 가고싶지 않아요,kakao
소문난멸치국수,비빔국수 드셔보세요 자극적이지 않고 맛있습니다,kakao
소문난멸치국수,비빔은 그닥인데 멸치는 맛있어요 특히 김밥이 제 취향이네요,kakao
소문난멸치국수,왜 기다려서 먹었을까  멸치육수는 짜고 비빔도 그다지 맛있지 않았음 밀가루 냄새랑 면이 불어서 나옴 김밥속 오뎅도 짰음,kakao
소문난멸치국수,멸치육수에 원래 예전에는 고명이 마늘쫑이었는데 파로 바뀌면서 좀 아쉬워요ㅠㅠ국수는 여기로 먹으러 오는데,kakao
소문난멸치국수,Since 1997 노원구의 국수 맛집으로 예산 청수소면 을 사용한 개운하고 담백한 멸치국수도 괜찮았지만 고소하면서 고슬고슬한 김밥이 의외로 맛있었다,kakao
소문난멸치국수,여기 맛있어용 엄마랑 같이갔는데 굿,kakao
소문난멸치국수,국수한그릇 먹고 이랗게 기분 젓같은경우는 첨이네요 방송나오면 다 저런건지 초심좀 지킵시다,kakao
소문난멸치국수,악마의 서비스 면은 불어있고 음식 나와있는데 서빙 안되고 자리 안치워주고 생각해보니 굳이 찾아올 맛도 아니다,kakao
소문난멸치국수,여긴 잔치국수가 더유명한곳 비빔도 맛나다 다음엔 잔치국수도 먹어봐야겠다,kakao
소문난멸치국수,인터넷은   역시 믿을게 못돼 이제껏 먹어본 멸치국수중   최악 면은 불어터지고 불친철은 뽀너스 벽에는  어설픈  3류연예인들 사진  붙어 있고 비추 비추,kakao
소문난멸치국수,소문대로 시원한국물이  맛나네 주차장도 없구 오래된  식당이지만 저렴하구 순박한 식구들이 운영하는 식당이예염,kakao
소문난멸치국수,대한민국 국수맛집 끝판왕 멸치국수 3500 비빔국수 4000,kakao
소문난멸치국수,been,kakao
소문난멸치국수,가성비 최고,kakao
소문난멸치국수,내게는 최고의 국수집 대단하지는 않지만 가장 노멀한 것이 주는 편안함,kakao
소문난멸치국수,멸치국수 3천5백원비빔국수 4천원구운계란2개 1천원김밥1줄 2천원평일 08300600일요일 11000600Since 1997년공릉동 멸치국수 거리의 원조집이며 비빔국수에는 아삭거리는 단무지와 멸치국수엔 삭힌 파가 들어가는게 특징,kakao
소문난멸치국수,가성비 최고의 집 멸치육수는 비리지 않으며 찐한 국물을 맛 볼수 있음 멸치국수에 올려주는 다대기는 국수를 먹으며 입맛을 돋가주는 역활을 함 비빔국수도 매콤하니 맛있음 다만 칼국수는 내 입맛에는 보통임,kakao
맘스터치 피자앤치킨 광운대점,피자는 정말 맛있음 치킨은 맛있네 정도 근데 사장님 서비스가 영 안좋아서 4점,kakao
맘스터치 피자앤치킨 광운대점,쿠폰에다 싸이순살 하나만 시키면 부담없이 먹을수 있던곳이여서 주에 1번씩 꾸준히 먹던곳 ㅎ 하지만 사장님 아까우셨나요 최소주문금액 16900원으로 요기요 배민 다 올리셨네요  아쉽네요 ㅠㅠ 많이파셔요 ㅋ,kakao
맘스터치 피자앤치킨 광운대점,소위 major brand 중 하나인 Pizza Hut을 주로 주문해서 먹는데 집으로 오는 길골목 입구 건물 2층에 pizza가게가 생겼다 Pizza Heaven이었던 그 가게가 언젠가 Moms Touch Pizza  Chicken으로 바뀌고 귀가하던 어느 날 계단을 올라 1판을 주문하는데 쥔장인지 직원인지 친절하시기도 하고 집에서 먹는데 가격대비 맛도 좋아 그 때부터 Pizza Hut은 잊어버리고 MT Pizza만 먹는다  혹 이 brand가 있는 동네에 사신다면 드셔보시길 권합니다,kakao
맘스터치 피자앤치킨 광운대점,후라이드 치킨은 전형적으로 맛없는 치킨이고 피자도 피자스쿨 피자보다 별로임  내돈 돌려놔,kakao
맘스터치 피자앤치킨 광운대점,장소 메뉴는 잘못 올라가있는 것 같은데 여기는 피자앤치킨이지 그냥 맘스터치가 아니라 햄버거 안 팔아요 참고하세요 간장치킨 너무 맛있고요 피자도 조하요 ㅎㅎ 사장님 넘 친절하시구 서비스 좋습니다,kakao
진미통닭,레트로 치킨 좋아하면 이집은 마약같은 존재 걍 미쳣음,kakao
진미통닭,치킨은 말할 필요도없이 맛있고 사장님 넘 친절하시구 생맥도 미쳤어요 무도 직접 만드시는 것 같은데 아삭함이 달라요ㅠㅠㅜ맛집 찾아서 행복합니다,kakao
진미통닭,대자리 반반 시켰습니다  17 줬어요  양은 한마리 반 정도 돼요 옛날 양념치킨 찾다가 여기까지 왔는데 여긴 후라이드 맛집이네요 치킨무가 생각보다 맛있고요수제 느낌남  후라이드 하나 집어  집에 있는 핑크솔트 꺼내 찍어먹으면  기본 후추 소금 줌 튀김 옷이 진짜 신의 한수 후추 조금 들어간 베이스에 바삭바삭 쩝짤 고소하고 맛있습니다  지금 시간이 좀 지나도 후라이드 한입 먹어봤는데 감탄사가 나와버렸습니다  양념은 생각보다 실망 했습니다 왜 그러냐면 양념이 튀김옷을 너무 먹어버려요 예를 들면 떡볶이 국물에 푹 담궈놓고 한시간은 냅둔 김말이 느낌  원래 제가 기억하는 추억의 맛이 아닌 것 같습니다 아 그리고  가격이 쪼끔 비싼 느낌이 듭니다  개인적인 생각이지만  후라이드 14 양념 15 반반 15면 좋을 듯 싶습니다 아님 15 통일,kakao
광운양꼬치,오늘 용기 내어 처음 가봤어요  맛있네요 ,kakao
광운양꼬치,양꼬치집이지만 국밥이 정말 맛있습니다,kakao
광운양꼬치,개구리튀김 강추,kakao
광운양꼬치,이 곳은 이름만 양꼬치 집이지 내가 생각하기엔 그냥 국밥 집이다 광운대 근처 최대 가성비 맛집이자 국밥 1티어라 자부할 수 있다 진지하게 맛있어서 궁서체로 작성한다 너무 맛있다 그냥 맨날 가야 된다 특히 마라국밥은 여기서만 맛볼 수 있는데 마라탕을 좋아하지만 마라탕을 먹기엔 좀 한식이 땡길 때 먹기 딱 좋아서 너무 사랑스럽다 최고,kakao
지지고 광운대점,맛이 그냥 그래요 세 번 이상 먹기 힘듭니다,kakao
지지고 광운대점,위생 최악 장사 시간 지맘대로 정함ㅋㅋㅋㅋㅋ 배짱장사 하는건가,kakao
지지고 광운대점,34년 전에는 맛있게 잘 먹었는데 요새들어1년 사이 먹을 때마다 배탈 왜 이러는 걸까요 첨에 먹었을 때는 다른 것 때문이겠거니 넘어갔는데 두번째에 먹고 나서는 또 지지고 먹고나니까 이러네 기분탓이겠지싶다가  최근에 또 먹었을 때도 배탈이 또 나더라고요 원래 배탈이 나는 사람도 아니고 아무거나 잘먹고 아무리 매운걸 먹어도 배탈한번 안나는데누들은 어떤지 모르겠지만 라이스참 사장님께 말하기도 좀 애매해서 조용히 남깁니다 맛있어서 먹긴 했는데 먹고나면 항상 기분이 좀 찝찝하네요,kakao
지지고 광운대점,가성비가 좋아서 먹으나 위생이 안좋은 게 눈에 보이고 간이 너무 쎈 편,kakao
지지고 광운대점,광운대 졸업생입니다 오랜만에 추억으로 먹어보려고 갔는데 매장들어가는 순간부터 너무 위생관리가 안되어있더라구요 청소는 아예안하시는건지 학생들이 걱정되서 후기남깁니다 많이 파시는것도 중요하시지만 위생관리좀 하셨으면 합니다,kakao
지지고 광운대점,누들이 진리임 매콤하니 먹기 너무 좋음 밥이나 면 추가하면 배 채우기도 좋음 내가 간 지지고 중에 젤 맛있는 듯 체고체공,kakao
지지고 광운대점,꽤괜 타학교 지지고 상위호환,kakao
프랭크버거 광운대점,베이컨치즈버거가 ㄹㅇ 개꿀맛,kakao
프랭크버거 광운대점,수제버거라 맛있고 가격도 많이 비싸지는 않아요 매장이 작아서 자리가 많지는 않네요,kakao
프랭크버거 광운대점,버거류는 정말 맛있다 감튀는 잘 모르겠음 다만 이 가격으로 버거집 하나없는 이 주변에서 먹을 수 있다는 것만으로도 감사함,kakao
프랭크버거 광운대점,패티가 확실히 맛있어요 밀크쉐이크도 맛나구요 그치만 감튀는 안돼요 ㅠ,kakao
프랭크버거 광운대점,평소에 따뜻하고 맛있게 잘 먹었는데 오늘은 사장님 안계셨나요 미리 만드셨나패티도 차갑게 식은 햄버거를 먹었네요 지인에게 맛있다고 추천해서 같이 사먹었는데 평소보다 맛없어서 좀 실망했어요 다음에 갔을땐 다시 맛있게 만들어주셨으면 좋겠습니다,kakao
고씨네 광운대점,조금 짜긴 하지만 맛있어요 혼밥하기 좋아요,kakao
고씨네 광운대점,카레는 그럭저럭인데 밥 상태가 안좋음 개선이 필요할 듯,kakao
고씨네 광운대점,직원분들 친절하시긴한데 카레가 좀 짜네요,kakao
고씨네 광운대점,너어어어무 짜서 못먹겠어요,kakao
고씨네 광운대점,채소가 다 갈아져 있어서 아이들이 먹기에 최고 토핑이 살짝 아쉬워서 별하나 뺐어요,kakao
고씨네 광운대점,여기 진짜ㅠ 몇년 전까지만 해도 세상 맛있는 카레집이었는데 맛이 변했어요 오랜만에 갔었다가 엄청 실망하고 다신 안 갈 예정 무한리필을 떠나서 맛이ㅠㅠ 가격도 올랐는데 그렇다고 올라가는 토핑이 막 맛있는 것도 아님,kakao
고씨네 광운대점,음 맛이변하뮤ㅠ,kakao
이층집,맛있음,kakao
이층집,스팸 맛나용 ㅎㅎ 밥도 무한리필 가능,kakao
이층집,부대찌개 김치찌개 얼큰하니 너무 맛있어요 사장님 사랑해용,kakao
이층집,김치찌개가 맛도리임 목살을 통으로 하나 넣어주시는데 양도 많고 엄청 맛있음,kakao
이층집,맛있습니다  점심시간 늦게 가면 웨이팅 있습니다  술먹고 해장하기 좋습니다  밥 시키면 리필 무제한이니까 눈치보지마세요  물맛집입니다 보릿차가 나오는데 물맛이 좋습니다,kakao
이층집,깔끔한 부대찌개 맛집 평범한듯 하면서도 기본에 충실한 근본있는 맛 다만 가격이 좀 비싼편,kakao
이층집,흠 나쁘진 않은데 막 맛있진 않아요 맛에 비해 가격은 비싼 편,kakao
이층집,지금까지 먹었던 부대찌개중 젤 맛있음 동네라 더 행복,kakao
이층집,김치찌개가 부대찌개에 가려짐 김치찌개 맛집임 비오는날 칠벗겨진 창가에 앉아서 먹으면 센치해짐,kakao
이층집,평범 이것보다 쿠팡 냉동 부대찌개가 더 맛있다 학생들 상대로 장사하는 집치고 비쌈  메뉴 시켜도 공깃밥 옵션 아니다  천원 따로 추가해야함  밥은 무한리필이라곤 하나 본인은 밥을 많이 먹는 사람이 아니라 별 메리트는 없었다  그치만 밥 자체는 맛있음 찰진 흑미밥 밥맛집,kakao
하이레,광운대의 별 광운대에서 평생있어주세요U0001f979U0001f979,kakao
하이레,평점이 너무 좋아서 가봤는데 등심은 맛있었지만 히레는 살짝 느끼했어요,kakao
하이레,아 정말 맛있어요 홍대 합정 강남 비싸고 유명한 돈카츠 집 다 가봤는데 여기가 최곱니다 제일 맛있고 심지어 싸요  온센 타마고 밑 반찬 소스까지 정말 알찬 구성에 이 가격이네요 방학에도 자주갑니다  사장님도 정말 친절하세요,kakao
하이레,사장님 너무친절하시네요 음식도 너무맛있어요 매일 가고싶은맛집 등록,kakao
하이레,마지막 손님이었는데 서비스가 참 좋으십니다 고기도 맛있었고 특히나 소스나 좋았음 사장님 성공할 마인드이심,kakao
하이레,오픈주방이라 깨끗하고 분위기도 좋고 카츠가 정말 찐,kakao
하이레,안심이 너무 부드럽고 식감이 뽀잉추잉해요 가격도 비싸지않고 너무 맛있게 잘먹었네요  사장님 무뚝뚝해보이는데 엄청 친절하게 먹는방법설명해주시네요,kakao
김가네 광운대점,아이덱 들으러 왔다가 점심 냠냠 김볶밥 드세요,kakao
뚝배기,광운대 근처 최고 가성비 맛집입니다,kakao
뚝배기,광운대 맛 가성비 청결 굿입니다 성북 로컬 맛집,kakao
뚝배기,진짜 졸라 맛있어요 돈 두루치기 미쳤습니다 ㄹㅇ,kakao
뚝배기,비록 지도에 표시도 안 되지만 맛집이에용 돈두루치기 한 번 드시면 못 헤어 나와요 많이 짜고 달고 맛이 강하지만 감칠맛도 짱입니다,kakao
뚝배기,저렴하고 꽤괜 순두부에 조개들어가서 별하나뺌ㅋ,kakao
썬더치킨 광운대점,주문 개밀리고 사과도 없음,kakao
썬더치킨 광운대점,가성비로 포장해서 먹는 치킨으로 추천하는 곳,kakao
썬더치킨 광운대점,존맛탱구리,kakao
썬더치킨 광운대점,크리스피후라이드는 가성비지림 kfc느낌도나고 매콤하고 맛남,kakao
꽃제비칼국수,칼국수가 맛잇고 전반적으로 저렴해요 무엇보다 엄청 친절하십니다,kakao
꽃제비칼국수,닭칼국수 맹탕임 고추절임 하나는 인정  로또 전문점인 듯  주차 오래하면 주인이 신고하는 곳,kakao
꽃제비칼국수,오뎅 칼국수맛나고 푸짐함 김치 맛있음 사장님 친절하심 로또도 살수있음요,kakao
꽃제비칼국수,김치가 맛있는집이 칼국수가 맛있는 집이다   김치맛집입니다  2명이서 만두랑 칼국수 시켜서 먹으면 한끼 뚝딱입니다  들깨칼국수 맛있습니다 좀만 더 진했으면 하지만 그래도 맛있습니다,kakao
꽃제비칼국수,들깨칼국수 맛나요,kakao
꽃제비칼국수,마시씀 사장님 체고,kakao
꽃제비칼국수,맛있음 닭칼꿀맛 만두도 서비스로 줌,kakao
하남돼지집 돌곶이역점,오 맛있어요 고기먹고 싶을때 한번씩 갑니다,kakao
하남돼지집 돌곶이역점,너무 마싯어요 짱추  다음에 또 올께요  잔치국수 돼지고기김치찌개 김치말이국수,kakao
하남돼지집 돌곶이역점,아기 식기 의자 구비에 친절하셔서 진짜 키즈프렌들리 매장이에요 잘 먹었습니다,kakao
하남돼지집 돌곶이역점,매장이 깔끔하고 역시 고기도 맛있네요 입가심으로 김치말이국수도 시켰는데 개운했습니다,kakao
하남돼지집 돌곶이역점,수표내고 되려 도난수표 낸 취급을 받았네요  자녀랑 같이가서 어이없는꼴당하고  은행에 문의를하니 사용가능수표라하는데  왜여기서만 안될까요 본인들이 조회못한건   생각이 안드는지 기분드러운 저녁 만들어  주어고맙습니다 두번은 안갈꺼같네요,kakao
하남돼지집 돌곶이역점,동내에 퀄리티 있는 고깃집 생겨서 너무좋다ㅜㅜ 정말 너무좋다ㅜㅜ,kakao
김과장고깃집 석계점,여기맛있고 괜찮음 재방문의사있음,kakao
김과장고깃집 석계점,김과장고깃집 굿,kakao
김과장고깃집 석계점,우연히 방문하게 된 김과장고깃집 둘이서 600그램 다 먹었네요 모르는사람 없게해주세요 손님이 많이 계신 이유를 알거같아요 가성비도 좋고 고기도 맛있고 석계 고기집하면 바로 여기네요 직원분들도 친절하시고 술한잔 기울이며 즐거운 시간 보내고 왔습니다,kakao
김과장고깃집 석계점,사장님과 직원분들 모두 친절하고 맛이 좋아요 세트메뉴로 먹었답니다 마지막 볶음밥 최고,kakao
김과장고깃집 석계점,2년만에 방문했는데 사장님이 바뀌신건지 왜 더 좋아진거죠 고기가 신선해서 맛있는건 당연하고 친절한 직원분이랑 사장님 덕분에 기분 좋게 술먹고 왔어요 조만간 또 가볼게요,kakao
김과장고깃집 석계점,수입산 고기라 잡냄새가 나요  사장님 고기 신경 쓰셔야겠어요 후기와는 틀린 맛이라 후기 남깁니다,kakao
김과장고깃집 석계점,삼겹살과 소막창과의 만남 삼겹살도 고소하고 육즙도 팡팡터지고 맛있는데 소막창 정말 맛있네요인생 소막창인듯 쫄깃하면서 고소한맛이 일품인듯,kakao
김과장고깃집 석계점,소고기 한점에 파채랑 생와사비의 조합이 완전 짱이네요,kakao
김과장고깃집 석계점,된장술밥을 서비스로 주시는데 와우 넘 맛나요 서비스도 진심인곳 고기맛은  말이 필요없죠  직접오셔서 드셔보세요ㅎㅎ 강력 추천합니다,kakao
김과장고깃집 석계점,두툼한 삼겹살과 두툼한 목살의 환상조합삼겹살은 씹을수록 고소하고 목살은 부드러워요,kakao
김과장고깃집 석계점,와규등심은 입안에 육즙이 가득하고 고소하고 처음 먹어봤는데 신세계예요  살치살은 항상 최애메뉴,kakao
김과장고깃집 석계점,고기 맛 좋고 직원분들 친절하시고 가성비 짱입니다 늘 북적북적 되어서  얼마나 맛집이길래 궁금해서 찾아갔는데 앗 대박 이었네요 담엔 회식 잡겠습니다 별       다섯개 안아까움,kakao
김과장고깃집 석계점,메뉴도 푸짐하고 이것저것 시킬수있는게 좋은거같습니다 불판에 고기 김치 콩나물등 다 구울수있어서 좋구여 고기맛도 너무좋네여 고기다꿉고 볶음밥은 필수입니다 흐흐 사장님 친절해서 더 맛있다는 맛나게먹구갑니다,kakao
김과장고깃집 석계점,가성비 맛집으로 소문이 자자한 김과장고기집에 와서 드디어 고기영접 우와 보기만해도 육즙이 흘러나오고 도톰한 고기의 식감이 입안가득 너무 훌륭했습니다 담에 또 와서 먹고싶은곳입니다,kakao
김과장고깃집 석계점,와 여기 소고기 왤케맛있어요 그리고 맛에비해 왤케 저렴해요 어른 넷이서 배가 터질때까지 먹었는데 20만원도 안하네요  소고기는 누린내나면 한점도 못먹는 저때문에 우리가족 쉽게 접하기 힘든 메뉴였는데  오늘 실컷맛나게 만족스럽게 먹고갑니다,kakao
김과장고깃집 석계점,삼겹 목살에 구워 먹는 묵은지와 콩나물은 상상만해도 미소를 짓게 만들죠 푸짐한 양과 가성비까지 갖춘 김과장고깃집 석계점 완전 굿입니다,kakao
김과장고깃집 석계점,삼겹김치콩나물조합 이건 국룰이죠 너무맛있는조합이구요 된찌도 기대이상 JMT 넘잘먹고갑니다 담주에 회식하러 또옵니다,kakao
김과장고깃집 석계점,무조건 재방문 의사 있습니다 가성비 짱 맛은 두말하면 잔소리 제가 먹은건 진꽃갈비살 분위기가 좋으니 더 맛나게 먹었어요 센스넘치는 사장님 또 뵈요,kakao
김과장고깃집 석계점,좀 아쉽습니다,kakao
김과장고깃집 석계점,일단 고기 누리내가 너무 심해요 특히 항정살이 누린내가 심했습니다  고기 위에 향신료가 뿌려져있는데 그것도 냄새가 심해요  그냥 가격이 싼 고기집,kakao
김과장고깃집 석계점,나름 단골이라 찍고가는집석계역오면 삼겹살과 소막창은여기로한번와보면 안다는 ㅋㅋ 코로나로 자주가기는 어렵지만 혼자서 드시는분들도계시고 몇일전 친구네가족과 밥먹으러 왔는데도 사장님이 아이들과이야기해주며 편안하게해줘서 더좋았음진짜 친절 석계역 삼겹살 이나 목살 드실거면생각강강추합니다  서비스는 가보면압니다,kakao
김과장고깃집 석계점,저 음식점 리뷰 적어본 적 없는데 여긴 꼭 적어야겠어요 네이버 평점이49길래 아니 이게 가능해이러고 갔는데 그럴만합니다 진짜 가격도 너무 착하고 맛도 너무 좋아요ㅜㅜ리뷰에 사장님이 친절하시다고 했는데 누가 사장님인지 모를만큼 직원분들 다 친절하셨어요ㅜㅠㅠ볶음밥은 치즈폭탄으로 넣어주시고 대박이에요 치즈 이렇게 많이 주는 곳 처음입니다 석계 음식점은 잘 몰라서 리뷰만 보고 찾아갔는데 석계는 무조건 여깁니다 여러분 어디갈지 망설여질 땐 김과장고깃집으로 가세요 사장님 번창하세요 또 올게요오,kakao
민들레국시,가성비 최고입니다,kakao
민들레국시,혼밥하기 좋은 한식집 제육 굿,kakao
민들레국시,숨은맛집,kakao
민들레국시,맛있어요 가격착해요 이모님친절해요,kakao
민들레국시,음식이 깔끔하고 사장님이 친절하세요,kakao
