음식점,링크
하이레,m.place.naver.com/restaurant/1083519696/home
윤스쿡,m.place.naver.com/restaurant/166240712/home
화로상회 광운대본점,m.place.naver.com/restaurant/37611559/home
진미통닭,m.place.naver.com/restaurant/1401137405/home
푸른스시 광운대본점,m.place.naver.com/restaurant/1769424895/home
김밥천국 광운대점,m.place.naver.com/restaurant/1300934066/home
신연마라탕,m.place.naver.com/restaurant/1150095003/home
지지고 광운대점,m.place.naver.com/restaurant/54831917/home
프랭크버거 광운대점,m.place.naver.com/restaurant/1585175133/home
카츠백 월계점,m.place.naver.com/restaurant/1383304304/home
밥은화 광운대점,m.place.naver.com/restaurant/793852255/home
이층집,m.place.naver.com/restaurant/1211790731/home
수해복마라탕 광운대점,m.place.naver.com/restaurant/1284609444/home
디델리 서울 광운대점,m.place.naver.com/restaurant/38008976/home
장수국수,m.place.naver.com/restaurant/1652963075/home
파파존스 광운대점,m.place.naver.com/restaurant/1661949512/home
청년다방 광운대점,m.place.naver.com/restaurant/1699730089/home
땡초불닭발동대문엽기떡볶이 월계점,m.place.naver.com/restaurant/1410324169/home
더진국 수육국밥 광운대점,m.place.naver.com/restaurant/1444326678/home
맛불,m.place.naver.com/restaurant/1647171960/home
BBQ치킨 월계광운대점,m.place.naver.com/restaurant/1380934978/home
경대컵밥,m.place.naver.com/restaurant/1140788631/home
김가네 광운대점,m.place.naver.com/restaurant/1172966452/home
맘스터치 피자앤치킨 광운대점,m.place.naver.com/restaurant/1722970244/home
고씨네 광운대점,m.place.naver.com/restaurant/37069123/home
쉐프밥버거 광운대점,m.place.naver.com/restaurant/36028662/home
진심카츠 광운대점,m.place.naver.com/restaurant/859267666/home
썬더치킨 광운대점,m.place.naver.com/restaurant/38228687/home
꽃제비칼국수,m.place.naver.com/restaurant/20892510/home
학교종이땡땡땡 광운대점,m.place.naver.com/restaurant/1733187833/home
ssam,m.place.naver.com/restaurant/21783372/home
민들레국시,m.place.naver.com/restaurant/1917562724/home
부리또잇,m.place.naver.com/restaurant/1970304156/home
진짜루,m.place.naver.com/restaurant/33535072/home
팔팔전어횟집,m.place.naver.com/restaurant/1605488532/home
광운양꼬치,m.place.naver.com/restaurant/1824387318/home
애슐리퀸즈 이마트 월계점,m.place.naver.com/restaurant/1648903512/home
로스2000,m.place.naver.com/restaurant/1468511822/home
한끼,m.place.naver.com/restaurant/1458828935/home
뚝배기,m.place.naver.com/restaurant/1491600267/home
마루,m.place.naver.com/restaurant/1259136012/home
고센 기와집갈비,m.place.naver.com/restaurant/35977345/home
레드컵스 닭강정 광운대점,m.place.naver.com/restaurant/1502813257/home
주공 장위직영,m.place.naver.com/restaurant/1056184628/home
종로전집 광운대역,m.place.naver.com/restaurant/1016926481/home
만남곱창,m.place.naver.com/restaurant/20842455/home
김바삭군의볼카츠마켙 광운대점,m.place.naver.com/restaurant/1004230281/home
더재미,m.place.naver.com/restaurant/1019293954/home
집으로 간장게장 광운대점,m.place.naver.com/restaurant/1880578521/home
남해바다마차,m.place.naver.com/restaurant/34129983/home
스시다온,m.place.naver.com/restaurant/1318605884/home
한상,m.place.naver.com/restaurant/84627729/home
정오아카데미 광운대점,m.place.naver.com/restaurant/1009817270/home
석계창신동매운족발 1호점,m.place.naver.com/restaurant/32096463/home
일번지정육식당 돌곶이점,m.place.naver.com/restaurant/35114022/home
중국촬방양꼬치구이,m.place.naver.com/restaurant/1439850593/home
무명칼국수,m.place.naver.com/restaurant/13095857/home
배불뚜기,m.place.naver.com/restaurant/13154624/home
소문난멸치국수,m.place.naver.com/restaurant/19867575/home
진바배달삼겹,m.place.naver.com/restaurant/1590075546/home
김과장고깃집 석계점,m.place.naver.com/restaurant/1170220530/home
라체나1907,m.place.naver.com/restaurant/1853505567/home
쭈삼이,m.place.naver.com/restaurant/148362685/home
하남돼지집 돌곶이역점,m.place.naver.com/restaurant/1885480771/home
연어시장 석계본점,m.place.naver.com/restaurant/37397791/home
퀸 스테이크,m.place.naver.com/restaurant/1152148738/home
파스타세끼,m.place.naver.com/restaurant/1771727068/home
엄마마늘보쌈,m.place.naver.com/restaurant/1433804135/home
짚신매운갈비찜 석계점,m.place.naver.com/restaurant/1847107087/home
명가,m.place.naver.com/restaurant/1046232249/home
온량,m.place.naver.com/restaurant/1796729449/home
짜카,m.place.naver.com/restaurant/1044069286/home
서민스시 장위 본점,m.place.naver.com/restaurant/1820940739/home
더원,m.place.naver.com/restaurant/1092067499/home
인생꼬치479 석계역점,m.place.naver.com/restaurant/1285917492/home
